interaction_id,contribution_id,ngo_id,accepted,response_time,success
1,1205,36,1,29,0
2,1402,16,0,10,0
3,20,426,1,32,1
4,670,289,1,3,1
5,384,89,0,40,0
6,1014,386,1,20,1
7,1179,110,0,7,1
8,336,471,0,6,1
9,661,333,0,24,1
10,410,14,0,27,1
11,1757,95,1,44,0
12,780,137,1,6,0
13,1976,76,1,39,1
14,650,410,1,44,1
15,698,303,0,43,1
16,1664,414,1,40,1
17,406,199,0,43,0
18,617,445,0,23,0
19,1064,281,1,18,0
20,180,442,0,14,0
21,1201,43,0,48,1
22,35,217,1,9,0
23,1912,45,0,30,0
24,1319,459,0,23,1
25,1728,458,0,42,0
26,1096,23,0,21,0
27,69,364,1,36,0
28,1095,499,0,9,0
29,479,27,1,5,1
30,1308,363,0,45,0
31,1771,325,1,6,1
32,1048,212,0,35,1
33,1556,27,0,10,1
34,1871,163,1,39,1
35,63,131,1,32,0
36,1165,473,0,21,0
37,1318,98,0,27,0
38,1391,145,1,18,0
39,1004,450,1,44,0
40,447,23,1,30,1
41,1879,236,0,7,0
42,1888,363,1,48,1
43,778,7,0,44,0
44,698,28,0,30,0
45,374,251,0,10,1
46,1974,335,0,10,1
47,858,143,0,12,0
48,1779,448,1,33,1
49,1132,307,0,7,1
50,1675,324,0,3,0
51,217,434,0,28,1
52,787,459,1,38,0
53,879,76,0,11,0
54,413,148,0,36,1
55,625,488,0,28,0
56,107,192,1,21,0
57,872,303,0,12,0
58,1425,18,1,37,0
59,1006,66,1,26,1
60,1519,184,0,38,1
61,345,332,0,4,1
62,1409,322,1,9,1
63,1879,192,1,35,0
64,430,147,0,44,0
65,946,48,0,4,1
66,114,386,1,2,1
67,435,287,1,8,1
68,1418,71,1,15,0
69,69,367,0,25,1
70,357,267,0,8,0
71,495,145,1,35,1
72,753,229,1,34,0
73,118,452,1,8,0
74,1805,323,0,34,1
75,576,45,1,26,1
76,864,449,0,25,1
77,1111,177,0,28,1
78,1982,217,0,9,0
79,419,423,1,38,0
80,1549,263,0,39,0
81,490,186,1,14,0
82,1061,424,0,14,0
83,1813,416,0,42,1
84,587,102,0,22,0
85,1951,93,0,6,0
86,1814,215,0,8,0
87,1558,402,0,18,0
88,434,162,0,26,1
89,1418,102,0,30,0
90,28,214,1,31,0
91,1856,250,0,9,1
92,1492,417,0,27,0
93,1529,346,1,24,0
94,1790,203,0,21,1
95,1280,416,1,31,1
96,243,460,0,40,1
97,1912,354,0,28,0
98,1567,10,1,38,0
99,1990,143,1,20,1
100,639,389,1,21,0
101,911,344,1,45,1
102,1633,388,0,10,0
103,871,156,1,28,0
104,1294,116,0,29,0
105,538,162,1,14,1
106,1247,420,0,11,0
107,1560,99,0,8,0
108,671,475,1,45,0
109,1512,432,1,23,1
110,917,173,1,5,1
111,705,80,1,41,0
112,912,457,1,28,1
113,309,233,0,47,1
114,1307,461,0,38,1
115,1285,330,0,47,0
116,1651,348,0,29,1
117,1143,306,0,46,0
118,85,88,0,47,0
119,177,154,1,20,0
120,934,440,1,22,1
121,833,346,0,26,1
122,1105,268,1,5,1
123,57,421,1,30,1
124,319,275,1,1,1
125,1603,442,1,32,1
126,1339,206,1,2,1
127,25,175,0,11,0
128,998,351,0,27,1
129,1307,473,1,34,0
130,1474,310,0,43,1
131,1974,353,1,13,1
132,1193,67,1,10,1
133,998,489,1,8,1
134,212,470,1,36,0
135,859,347,0,19,0
136,1173,240,1,32,1
137,483,204,1,26,0
138,1009,123,0,17,1
139,91,127,0,4,1
140,1205,139,0,8,0
141,1405,131,1,18,1
142,495,121,1,32,0
143,157,476,0,26,1
144,1801,341,1,5,0
145,10,120,1,27,0
146,1144,412,1,9,0
147,533,164,1,22,0
148,1425,304,0,36,0
149,1093,378,0,2,0
150,1432,357,1,23,0
151,1693,342,1,31,1
152,1205,411,1,38,0
153,1508,66,1,22,1
154,1294,70,1,25,1
155,1489,32,0,14,0
156,1802,42,0,2,0
157,474,268,0,36,1
158,131,271,0,26,0
159,631,156,1,27,1
160,119,420,1,37,1
161,295,437,1,46,1
162,1921,485,1,28,1
163,1965,128,0,39,0
164,1668,164,1,10,1
165,1718,498,1,16,1
166,117,312,0,33,0
167,1794,474,1,26,0
168,345,220,1,26,1
169,1088,169,0,31,0
170,5,166,1,24,0
171,1580,144,0,40,0
172,952,263,1,45,1
173,25,124,1,10,0
174,1105,295,1,33,1
175,368,6,0,28,1
176,449,388,1,14,1
177,1277,101,1,10,0
178,1327,379,1,29,1
179,1689,222,0,43,0
180,1661,76,1,27,0
181,844,229,1,17,0
182,1918,116,1,30,1
183,1650,227,1,19,1
184,1539,71,1,6,1
185,591,192,1,21,1
186,735,198,1,38,0
187,669,108,1,5,0
188,1221,189,1,34,1
189,668,127,0,8,0
190,54,364,1,22,0
191,442,299,0,23,0
192,1526,313,0,3,1
193,1089,334,1,15,0
194,3,53,0,9,1
195,244,72,0,21,0
196,356,93,1,29,0
197,1248,312,1,42,1
198,1361,332,1,13,1
199,491,136,1,29,0
200,449,78,0,34,0
201,1636,355,0,29,1
202,809,427,0,37,0
203,592,205,1,8,0
204,1353,269,1,8,1
205,1963,238,0,31,0
206,29,161,1,45,1
207,1652,461,1,38,1
208,1974,31,1,30,0
209,800,431,0,40,0
210,1134,358,1,18,1
211,647,199,1,1,1
212,1873,485,1,38,1
213,1559,461,1,9,1
214,209,407,1,39,0
215,661,473,0,22,1
216,680,368,1,5,1
217,883,239,0,42,1
218,124,366,0,14,0
219,57,93,1,11,1
220,1172,443,0,20,0
221,1266,206,1,39,0
222,1812,392,1,34,0
223,1638,87,0,25,0
224,1001,118,0,15,0
225,1127,39,0,15,0
226,1601,282,0,41,1
227,552,489,1,22,0
228,1879,152,1,43,0
229,1531,301,0,7,0
230,978,114,0,35,1
231,1067,238,1,28,1
232,459,182,1,36,0
233,1582,20,0,17,0
234,1845,411,1,4,0
235,1949,410,0,17,1
236,1409,174,1,1,0
237,1989,179,0,13,0
238,303,43,1,46,1
239,704,452,1,44,1
240,1936,444,1,47,1
241,1841,468,0,38,1
242,345,390,1,22,0
243,1049,354,1,35,1
244,1058,446,1,15,1
245,1899,451,1,25,1
246,1732,28,0,15,0
247,329,329,0,18,0
248,46,370,0,11,1
249,1276,107,0,2,1
250,457,430,1,46,0
251,138,239,1,34,1
252,1229,202,1,8,0
253,1865,32,1,27,1
254,1749,163,1,25,0
255,748,242,0,21,0
256,1010,69,1,40,1
257,1725,81,1,2,1
258,163,489,0,35,0
259,1195,395,0,5,1
260,1264,24,0,41,1
261,445,142,0,7,0
262,1459,291,0,13,1
263,1289,282,1,34,1
264,974,62,0,36,0
265,1841,139,0,31,0
266,1121,87,0,42,1
267,339,257,0,34,1
268,577,378,1,21,0
269,1100,106,1,48,1
270,80,155,1,41,0
271,546,136,0,24,1
272,904,268,1,11,1
273,1899,395,0,9,1
274,1042,36,1,9,0
275,1216,317,1,22,1
276,911,287,1,22,1
277,972,319,0,35,0
278,372,500,1,10,1
279,1980,188,0,43,0
280,1976,325,0,23,1
281,672,422,1,42,0
282,1572,443,0,32,0
283,1237,326,1,25,0
284,1066,452,1,20,1
285,506,170,0,5,0
286,1392,51,0,4,1
287,1339,404,0,28,0
288,186,251,1,3,0
289,1855,362,0,40,0
290,1262,224,1,29,1
291,1464,45,1,9,0
292,1967,297,1,38,0
293,688,474,1,29,0
294,690,131,0,24,1
295,1019,374,1,10,1
296,1932,402,1,27,1
297,254,176,0,19,1
298,1419,90,1,37,1
299,675,483,0,9,1
300,1982,385,0,14,0
301,381,154,1,22,0
302,990,369,1,30,0
303,137,262,1,43,0
304,1564,347,0,24,0
305,35,270,1,39,0
306,67,356,1,11,1
307,490,362,1,17,1
308,80,344,1,2,1
309,1268,217,0,7,0
310,362,198,0,46,0
311,1690,51,0,35,0
312,987,432,1,31,1
313,555,312,1,16,0
314,1061,62,0,41,0
315,1026,40,1,38,1
316,196,315,0,29,1
317,214,203,0,14,1
318,428,4,0,21,0
319,443,266,1,7,0
320,1379,390,0,33,0
321,1836,403,0,3,1
322,1279,432,1,24,0
323,148,410,1,11,1
324,1174,203,0,5,1
325,590,244,0,15,0
326,578,237,0,38,0
327,881,145,0,19,0
328,442,240,1,16,0
329,553,379,1,11,1
330,68,132,0,46,1
331,537,484,0,9,1
332,1471,135,1,11,0
333,1108,368,0,26,0
334,1486,255,1,21,1
335,672,357,0,31,0
336,259,247,0,11,1
337,355,279,1,31,0
338,1942,37,1,39,1
339,443,407,0,23,1
340,1668,49,0,17,0
341,99,207,1,34,1
342,1839,44,0,20,1
343,550,235,1,15,1
344,105,55,0,44,1
345,809,487,0,47,1
346,1488,52,1,18,1
347,1454,7,0,39,1
348,1419,124,0,25,1
349,1150,267,1,19,1
350,347,94,0,6,1
351,1542,81,0,37,1
352,1755,373,0,15,1
353,1156,381,0,8,1
354,1705,184,0,46,1
355,534,98,1,10,0
356,901,465,0,21,1
357,1517,87,1,13,1
358,1200,37,1,45,1
359,918,174,0,11,1
360,85,364,0,25,1
361,995,390,1,27,0
362,1035,73,0,28,1
363,622,312,0,45,0
364,1033,312,0,25,0
365,1738,455,0,27,0
366,677,100,1,2,1
367,1353,169,0,18,1
368,1549,238,1,42,1
369,1673,363,1,17,1
370,1269,359,0,41,0
371,137,449,0,31,1
372,742,359,0,39,1
373,1715,362,1,4,0
374,942,116,0,25,0
375,370,41,0,47,1
376,177,444,0,2,1
377,1687,278,1,17,0
378,925,76,1,17,1
379,373,459,0,23,0
380,66,293,1,17,1
381,23,41,0,2,1
382,238,220,0,26,0
383,1527,164,0,21,0
384,12,85,0,36,0
385,448,245,1,9,1
386,1945,259,1,20,0
387,1173,412,0,33,1
388,1495,60,1,5,1
389,802,189,0,39,0
390,225,357,0,31,1
391,1990,376,0,39,0
392,1488,162,1,44,0
393,1568,351,0,34,1
394,711,16,1,34,1
395,1508,417,0,36,0
396,1451,61,0,13,0
397,538,265,0,2,0
398,1723,170,1,42,0
399,1372,395,0,23,0
400,1450,77,1,1,0
401,1123,203,0,13,1
402,672,357,0,3,1
403,1633,89,1,37,0
404,499,236,0,44,1
405,256,446,0,17,1
406,1465,335,0,22,1
407,1280,189,0,18,1
408,1765,39,1,26,1
409,373,476,0,40,0
410,1601,492,1,37,1
411,58,360,0,18,1
412,1047,372,0,14,0
413,190,477,0,24,1
414,1848,20,0,12,1
415,753,132,1,34,0
416,1543,32,1,8,0
417,800,466,1,21,1
418,720,91,1,18,1
419,1885,479,1,37,0
420,1127,239,1,3,0
421,647,144,0,10,1
422,629,431,1,36,1
423,1864,260,1,39,1
424,1260,240,0,25,1
425,537,265,1,48,0
426,1785,150,1,27,0
427,1724,202,1,42,1
428,1126,242,1,3,1
429,1417,473,0,33,1
430,70,219,1,5,0
431,1371,89,1,6,0
432,129,163,0,27,1
433,1717,334,0,4,1
434,651,119,1,10,0
435,1176,210,0,24,0
436,974,300,0,3,0
437,104,176,1,37,1
438,630,45,0,35,0
439,870,352,0,45,0
440,1333,162,1,2,0
441,687,366,0,18,1
442,835,382,0,36,0
443,1776,443,0,26,1
444,1783,237,0,4,0
445,373,367,1,39,1
446,1121,232,0,3,0
447,1887,450,0,32,1
448,1114,119,0,16,0
449,1227,202,1,9,1
450,1350,6,1,17,1
451,1295,109,0,42,1
452,936,220,1,11,1
453,936,391,1,22,1
454,507,90,1,36,1
455,739,381,1,10,0
456,278,132,1,48,0
457,938,129,1,13,0
458,137,432,0,37,0
459,1951,332,0,42,1
460,1764,271,1,30,1
461,823,365,1,3,1
462,39,47,1,42,1
463,148,68,0,43,0
464,98,61,1,5,0
465,372,261,1,12,1
466,838,311,1,37,1
467,71,28,0,25,1
468,274,52,1,6,0
469,1600,442,0,5,0
470,1886,205,0,19,0
471,19,288,1,47,0
472,1030,229,0,37,1
473,294,361,1,43,1
474,1311,437,1,4,0
475,1136,240,1,36,0
476,1501,450,1,43,1
477,1527,447,1,1,0
478,1179,253,0,2,0
479,1971,490,1,17,0
480,258,164,0,41,0
481,146,461,1,34,1
482,277,126,0,43,1
483,265,326,1,48,0
484,689,309,1,40,1
485,190,424,1,5,0
486,167,133,1,7,0
487,336,246,0,29,1
488,855,465,0,36,0
489,189,50,0,43,1
490,1523,188,0,47,0
491,261,278,0,21,0
492,414,242,1,46,1
493,1141,155,0,44,1
494,366,12,0,38,1
495,679,469,0,38,0
496,1436,36,0,12,1
497,240,120,0,6,1
498,481,222,0,25,0
499,1648,155,0,9,0
500,376,384,1,18,1
501,559,89,0,35,1
502,346,393,0,9,1
503,171,250,1,41,0
504,1791,353,1,36,1
505,538,280,1,25,0
506,847,108,1,14,0
507,1265,323,0,15,1
508,801,317,0,36,0
509,1524,366,0,33,1
510,954,172,0,7,1
511,640,38,0,37,0
512,885,318,1,13,1
513,962,337,1,29,1
514,627,464,1,23,0
515,910,374,0,28,0
516,824,328,1,11,1
517,826,238,1,8,1
518,1141,57,1,19,1
519,1822,296,0,4,1
520,629,312,1,47,1
521,1322,53,1,45,0
522,538,199,1,36,0
523,1788,273,0,41,0
524,546,173,1,30,1
525,1805,198,1,13,0
526,1948,295,1,15,1
527,1891,394,0,34,1
528,570,417,1,34,1
529,426,284,0,11,0
530,613,232,1,4,1
531,1585,323,1,17,0
532,1549,384,1,10,1
533,1700,455,1,14,1
534,1188,367,1,22,1
535,831,435,0,8,0
536,1225,352,1,7,1
537,788,359,0,23,0
538,624,479,1,9,0
539,861,321,1,42,1
540,556,266,1,4,1
541,75,465,0,1,0
542,61,201,1,31,1
543,733,409,0,27,0
544,1508,151,1,27,1
545,1095,133,0,25,1
546,1275,347,1,22,0
547,1060,156,0,19,1
548,460,458,0,3,1
549,346,324,0,34,1
550,161,230,0,36,0
551,1412,447,0,29,0
552,971,487,0,6,1
553,180,189,0,26,0
554,1115,254,1,47,0
555,1280,13,1,24,1
556,660,196,0,43,1
557,1812,63,1,39,0
558,1522,285,0,25,1
559,1578,351,1,33,0
560,1618,271,1,27,0
561,839,381,1,6,0
562,1863,272,1,15,0
563,1938,426,1,20,0
564,1776,458,0,3,1
565,1019,144,0,1,1
566,303,354,1,45,1
567,29,280,1,10,1
568,217,375,0,35,0
569,1543,449,0,41,0
570,1155,78,0,37,0
571,230,70,1,43,0
572,259,204,1,31,0
573,1539,470,1,10,0
574,349,162,0,20,0
575,1296,447,0,7,0
576,446,428,1,8,1
577,1933,120,1,10,0
578,866,69,0,44,0
579,1714,396,1,36,1
580,1386,88,0,26,0
581,244,125,0,2,0
582,853,58,1,14,0
583,738,224,1,40,0
584,524,194,1,18,1
585,861,109,0,39,0
586,1230,416,1,21,0
587,570,475,1,17,0
588,1044,213,1,21,0
589,1443,80,1,21,1
590,196,333,0,38,1
591,410,380,1,2,0
592,1135,498,1,28,0
593,366,327,0,22,1
594,98,78,0,11,1
595,1899,419,0,30,1
596,257,166,0,28,0
597,56,431,1,39,0
598,1616,161,0,44,0
599,367,278,0,40,1
600,854,216,1,43,0
601,1894,128,0,40,0
602,1933,95,1,30,1
603,1335,493,0,27,1
604,1257,297,0,36,1
605,399,94,1,3,1
606,1082,229,1,41,1
607,1745,278,1,32,0
608,138,65,1,40,1
609,1105,378,0,4,1
610,799,375,1,6,0
611,1966,496,1,16,1
612,1172,310,1,34,0
613,78,352,1,44,1
614,1123,168,1,16,0
615,173,215,1,8,1
616,581,396,0,48,0
617,1549,352,0,38,0
618,1707,176,1,36,0
619,1641,109,1,41,0
620,665,66,0,34,0
621,1944,451,0,7,1
622,1255,123,0,21,1
623,814,144,0,44,0
624,734,393,0,19,1
625,812,238,1,34,0
626,1468,188,1,11,1
627,1476,228,0,6,1
628,206,90,0,10,1
629,1787,46,1,41,1
630,47,105,0,31,1
631,126,7,1,2,0
632,218,81,0,16,1
633,1402,151,1,1,0
634,1308,116,1,48,1
635,1041,105,0,8,0
636,1416,363,0,10,0
637,172,483,1,5,0
638,1408,47,0,14,1
639,478,268,0,16,1
640,590,67,0,14,1
641,1836,33,0,31,1
642,384,206,0,17,1
643,1963,73,1,29,1
644,1594,229,0,41,1
645,127,92,0,26,0
646,528,294,1,44,0
647,1821,33,0,36,0
648,526,411,0,14,1
649,1664,391,1,38,0
650,1359,147,1,31,0
651,1720,175,0,6,1
652,172,279,0,11,0
653,50,359,1,41,1
654,1198,164,1,29,1
655,145,183,1,12,1
656,1943,275,0,24,0
657,1548,267,0,11,1
658,151,246,1,48,0
659,638,359,1,35,0
660,384,211,0,27,0
661,835,16,1,30,1
662,998,348,1,44,1
663,1809,460,0,22,0
664,1438,106,1,46,1
665,844,252,1,12,1
666,1172,18,1,27,1
667,1622,166,1,24,1
668,1159,215,0,18,0
669,1132,154,1,19,0
670,603,132,0,22,0
671,1045,267,1,11,0
672,722,61,0,9,0
673,1821,32,1,40,1
674,1863,405,1,35,1
675,1330,322,0,29,1
676,98,400,1,10,1
677,372,27,0,22,1
678,586,49,0,24,1
679,858,342,1,31,1
680,936,89,0,22,0
681,240,469,0,43,0
682,613,421,0,41,0
683,947,298,0,30,1
684,602,268,1,19,0
685,1286,75,1,25,0
686,683,72,1,28,1
687,702,427,0,7,0
688,1559,45,0,9,0
689,306,125,1,29,0
690,160,60,0,2,0
691,344,37,0,35,0
692,1665,236,1,35,0
693,580,188,0,41,1
694,557,491,0,8,0
695,1137,188,0,42,0
696,1473,464,0,43,1
697,830,294,1,24,1
698,1225,18,1,42,1
699,1211,390,1,24,0
700,770,226,1,36,1
701,1099,370,0,44,0
702,1670,8,0,47,0
703,431,282,1,1,0
704,169,393,1,36,1
705,1326,215,1,28,1
706,1504,238,0,13,1
707,1164,178,0,33,1
708,875,79,1,38,0
709,1021,359,0,12,1
710,869,312,0,6,1
711,944,332,0,22,1
712,1954,257,1,1,0
713,1444,409,1,37,0
714,85,74,1,42,0
715,502,84,0,5,1
716,1308,217,0,25,0
717,164,147,1,35,0
718,908,43,0,36,0
719,1918,17,1,30,0
720,382,468,1,35,0
721,1258,45,1,39,0
722,905,23,0,22,1
723,1903,70,0,40,1
724,1618,322,1,7,0
725,1705,266,1,7,1
726,111,482,1,40,0
727,146,92,0,23,0
728,598,353,1,17,1
729,1808,227,1,14,0
730,68,276,0,30,0
731,594,380,1,2,1
732,1477,177,0,14,0
733,611,316,0,47,1
734,1596,224,0,1,0
735,333,244,0,22,0
736,1727,183,1,9,1
737,954,389,1,32,1
738,410,423,0,34,0
739,10,318,0,46,1
740,1929,130,1,19,1
741,900,85,0,41,0
742,326,440,1,38,1
743,1623,330,0,46,0
744,177,137,0,36,1
745,920,140,1,23,1
746,149,29,1,26,1
747,1257,22,1,22,1
748,1340,27,1,11,0
749,1279,136,0,13,0
750,188,72,0,4,0
751,1572,97,1,28,1
752,1989,267,0,40,1
753,1278,272,0,47,0
754,85,404,1,39,0
755,804,444,1,46,1
756,1723,102,0,9,1
757,712,293,1,28,1
758,1017,327,1,19,0
759,369,430,1,8,1
760,1575,224,1,35,1
761,397,472,0,35,0
762,1260,188,1,11,1
763,1904,426,0,36,0
764,117,122,0,16,1
765,1245,474,1,13,0
766,565,239,0,30,0
767,1857,243,0,15,1
768,1473,493,0,31,1
769,655,94,1,26,0
770,1595,128,1,28,0
771,1721,431,1,16,1
772,1870,17,0,29,1
773,819,209,0,11,0
774,852,13,0,9,1
775,1994,57,0,21,0
776,408,103,1,23,1
777,1894,315,0,15,1
778,1533,265,1,33,1
779,1980,335,0,26,0
780,1754,476,0,20,0
781,1700,484,1,2,1
782,1238,295,1,18,1
783,1291,316,1,42,1
784,1876,448,0,11,1
785,1559,35,1,33,1
786,606,103,1,9,0
787,1586,236,1,19,0
788,1562,235,1,5,1
789,1130,99,1,32,1
790,401,231,1,33,0
791,1260,348,0,2,1
792,333,418,1,30,1
793,1460,120,1,17,1
794,1013,460,1,3,0
795,1658,495,1,21,0
796,1187,120,1,47,0
797,1698,155,1,47,1
798,1723,497,0,1,1
799,1212,193,0,7,1
800,1952,269,1,10,1
801,1772,152,0,29,0
802,1256,270,0,41,0
803,1905,100,0,36,0
804,341,123,1,3,0
805,649,42,1,3,1
806,1174,285,0,48,1
807,589,346,0,19,0
808,1380,222,1,14,1
809,740,419,0,30,1
810,375,212,0,38,1
811,1212,10,1,36,0
812,255,91,1,37,0
813,1776,217,0,26,0
814,305,254,1,1,1
815,184,401,1,30,1
816,1955,413,1,24,0
817,1306,175,0,41,0
818,1853,173,1,19,0
819,66,22,1,4,1
820,255,450,1,5,1
821,1778,19,0,24,1
822,1025,380,0,3,0
823,676,131,0,12,1
824,355,220,0,45,0
825,1635,314,1,16,1
826,284,285,0,17,1
827,776,427,0,28,0
828,268,178,0,4,1
829,502,185,0,47,0
830,749,294,0,14,1
831,514,342,0,47,1
832,899,232,0,15,0
833,1073,197,0,40,0
834,932,477,0,41,0
835,1249,204,0,13,1
836,1205,373,0,14,1
837,121,485,1,11,1
838,1961,335,1,32,1
839,1951,432,1,33,0
840,1852,67,1,44,0
841,1217,453,0,30,1
842,799,342,0,10,0
843,539,180,1,6,0
844,873,293,1,34,0
845,356,48,1,28,0
846,571,128,1,17,0
847,142,81,1,14,0
848,1740,44,1,29,1
849,350,358,1,24,1
850,1530,360,0,21,0
851,1551,436,1,9,1
852,1793,169,0,40,0
853,382,357,0,44,1
854,1078,192,0,11,0
855,779,28,1,40,1
856,1170,7,1,33,0
857,1280,119,0,6,0
858,1591,423,1,42,0
859,182,29,1,20,0
860,1608,119,1,27,1
861,1739,486,1,44,1
862,638,339,1,36,0
863,1218,497,1,47,0
864,1617,245,0,37,0
865,344,246,1,15,1
866,1619,129,0,48,0
867,390,309,0,36,0
868,1058,441,0,19,0
869,1616,364,0,37,0
870,484,249,0,12,1
871,949,156,1,31,0
872,1458,154,1,48,1
873,1352,250,1,46,1
874,911,386,0,44,1
875,1286,304,1,30,0
876,1867,438,1,2,1
877,935,120,0,7,1
878,1137,86,0,39,1
879,1038,114,0,23,0
880,1732,489,0,46,0
881,206,133,1,22,0
882,904,79,1,4,0
883,490,295,0,20,1
884,1546,13,1,13,0
885,1252,197,0,46,0
886,18,394,0,41,1
887,1776,18,1,38,1
888,1811,112,1,21,0
889,856,404,1,47,0
890,1378,101,0,34,0
891,1574,66,0,3,0
892,233,125,1,24,0
893,1537,161,0,28,1
894,219,220,0,39,0
895,1445,494,0,46,1
896,729,196,0,35,1
897,1159,269,1,42,0
898,1262,225,1,40,1
899,1329,131,1,30,1
900,965,108,1,1,0
901,1009,248,1,15,0
902,901,114,0,21,0
903,957,287,0,7,0
904,1409,269,0,30,1
905,950,293,0,46,0
906,526,59,0,3,1
907,852,145,0,14,0
908,1048,254,1,1,0
909,298,494,1,14,1
910,248,175,1,16,0
911,1588,315,1,37,1
912,910,425,1,19,0
913,1869,480,1,3,1
914,1356,392,1,24,1
915,301,200,0,44,1
916,1786,31,0,9,1
917,979,268,0,12,0
918,1877,187,1,14,0
919,1421,490,0,18,0
920,1098,243,1,40,1
921,615,212,0,37,0
922,922,452,0,20,1
923,1490,435,1,22,0
924,518,495,1,7,1
925,1696,231,0,4,1
926,130,305,0,44,0
927,1845,363,0,21,1
928,812,103,1,2,1
929,1876,474,0,34,0
930,1435,396,1,24,0
931,1485,488,1,41,0
932,53,386,0,27,0
933,1685,221,1,39,0
934,1384,258,1,33,1
935,1975,131,1,17,1
936,768,98,0,16,1
937,1758,263,1,29,0
938,1753,468,1,40,0
939,1936,383,1,18,1
940,1820,199,0,16,1
941,1656,378,0,47,0
942,1138,302,1,31,0
943,1184,153,1,15,0
944,1917,500,1,32,1
945,1982,471,0,24,1
946,778,277,1,26,0
947,1532,499,0,44,1
948,1239,310,1,9,0
949,604,67,0,2,0
950,577,419,1,22,0
951,117,80,0,12,1
952,1553,275,1,47,0
953,1298,124,1,22,1
954,935,471,1,16,0
955,780,204,1,23,0
956,1930,24,0,24,0
957,797,278,0,46,1
958,1588,273,0,38,0
959,1764,408,0,48,0
960,832,50,1,2,1
961,1472,319,0,13,1
962,106,404,1,16,1
963,1081,108,0,39,1
964,1590,95,0,30,0
965,1720,466,0,15,1
966,1468,297,0,16,0
967,1327,149,0,41,0
968,511,182,0,27,0
969,1095,217,1,43,1
970,1760,229,0,34,0
971,1354,182,0,27,0
972,756,446,1,39,1
973,744,366,1,31,0
974,67,8,0,1,0
975,778,65,0,16,0
976,1955,25,1,11,1
977,1352,33,0,2,1
978,1767,281,0,46,0
979,276,178,0,12,1
980,589,174,1,2,1
981,1880,365,0,24,1
982,1309,318,1,23,0
983,248,395,0,9,0
984,69,187,1,5,0
985,623,87,1,26,1
986,1576,448,0,1,0
987,422,283,0,2,0
988,42,212,0,20,0
989,787,476,0,11,0
990,1163,10,0,41,0
991,1055,463,1,2,0
992,391,98,1,16,0
993,1450,395,1,32,0
994,480,172,1,36,0
995,397,283,1,8,0
996,274,240,1,27,0
997,1421,39,0,46,0
998,1709,352,0,33,0
999,1546,6,0,8,1
1000,1219,400,0,23,1
1001,1232,445,1,30,0
1002,1377,279,0,23,0
1003,1924,200,1,41,1
1004,1268,231,1,37,1
1005,1552,124,1,7,0
1006,1025,476,1,35,0
1007,1396,116,0,30,0
1008,1861,390,1,41,0
1009,150,56,1,21,1
1010,1741,41,1,28,1
1011,818,408,0,22,1
1012,443,324,1,28,1
1013,359,393,0,33,1
1014,954,346,1,9,0
1015,229,310,0,31,0
1016,85,438,0,28,0
1017,973,208,1,37,0
1018,565,48,1,12,1
1019,75,210,1,40,0
1020,1074,440,0,1,1
1021,168,143,0,45,1
1022,1586,398,1,21,1
1023,1582,376,1,3,0
1024,1628,483,1,9,0
1025,687,248,1,43,0
1026,1952,4,1,42,1
1027,914,91,0,39,1
1028,1696,181,1,35,0
1029,63,90,0,15,1
1030,237,157,0,46,1
1031,1319,391,0,46,1
1032,69,11,0,32,0
1033,1780,488,1,20,0
1034,1150,431,0,47,1
1035,540,408,1,4,0
1036,1782,424,1,46,1
1037,1594,430,0,30,1
1038,1792,3,0,10,0
1039,1425,177,1,42,1
1040,341,364,1,32,0
1041,1220,14,0,38,0
1042,1316,4,1,5,0
1043,979,411,1,11,1
1044,902,130,1,44,1
1045,853,304,0,2,0
1046,152,168,0,12,1
1047,1972,67,0,38,1
1048,1043,400,1,22,0
1049,599,268,0,17,0
1050,162,305,0,9,1
1051,265,247,1,13,1
1052,1175,494,1,25,0
1053,1904,157,0,31,0
1054,1396,139,1,15,1
1055,1945,57,1,33,1
1056,633,55,1,43,1
1057,1608,216,1,15,0
1058,1207,382,1,18,0
1059,1003,225,1,7,1
1060,1459,142,0,43,0
1061,1174,141,0,15,1
1062,1609,349,0,38,1
1063,1540,359,0,2,1
1064,1032,297,0,2,0
1065,1272,358,0,23,0
1066,221,150,1,34,0
1067,1283,209,0,39,0
1068,1893,457,1,16,1
1069,1918,369,1,14,0
1070,129,372,0,44,0
1071,733,449,1,48,1
1072,1997,439,1,38,0
1073,266,320,1,17,1
1074,1502,67,0,25,0
1075,251,160,1,26,1
1076,42,454,1,44,0
1077,1692,344,1,41,0
1078,531,191,1,3,1
1079,660,209,0,18,0
1080,112,246,1,4,0
1081,847,416,0,1,0
1082,1083,23,1,3,1
1083,558,372,0,40,1
1084,1219,296,0,32,1
1085,747,115,1,31,0
1086,1198,37,0,17,0
1087,949,52,1,44,0
1088,1423,138,0,4,0
1089,902,454,0,48,0
1090,585,469,0,25,1
1091,362,364,0,31,1
1092,88,486,1,42,0
1093,1494,365,0,18,1
1094,1365,104,0,7,0
1095,1091,175,1,38,0
1096,870,158,0,43,1
1097,1445,210,0,19,0
1098,1673,264,1,20,1
1099,767,365,0,24,1
1100,1772,241,0,14,0
1101,1464,437,1,10,0
1102,162,208,0,12,0
1103,70,443,1,13,0
1104,869,169,0,11,0
1105,1504,125,0,20,0
1106,1224,28,1,9,0
1107,804,80,1,10,0
1108,650,162,0,5,0
1109,1269,144,0,26,1
1110,1655,297,0,32,0
1111,107,442,0,9,1
1112,1432,140,0,21,1
1113,665,342,1,2,0
1114,195,353,1,3,0
1115,28,253,0,3,1
1116,210,178,1,44,0
1117,944,494,0,3,0
1118,713,87,0,2,0
1119,743,236,0,26,1
1120,226,204,0,24,1
1121,1567,238,1,31,1
1122,1,100,0,44,1
1123,992,108,1,2,1
1124,1493,195,0,30,0
1125,1650,63,0,47,1
1126,703,9,0,33,0
1127,327,309,0,40,0
1128,311,236,1,48,1
1129,781,448,1,39,1
1130,86,440,1,7,0
1131,69,160,1,18,0
1132,201,30,1,33,1
1133,1173,194,0,24,1
1134,1703,4,0,8,1
1135,54,297,0,29,0
1136,167,407,1,38,1
1137,782,384,0,18,1
1138,495,453,0,5,1
1139,799,213,0,42,0
1140,1090,244,0,39,1
1141,1507,489,0,34,1
1142,1629,147,0,34,0
1143,191,384,0,36,0
1144,1410,263,1,6,0
1145,1706,180,0,40,1
1146,1942,258,1,21,0
1147,750,105,0,40,0
1148,225,344,0,3,1
1149,340,367,0,5,0
1150,171,406,1,46,1
1151,700,127,0,5,1
1152,210,355,1,16,0
1153,291,375,0,16,0
1154,335,231,0,8,1
1155,805,28,0,6,0
1156,373,184,1,23,0
1157,1455,441,0,1,0
1158,1004,369,1,7,1
1159,1110,191,0,6,0
1160,1141,384,1,16,0
1161,94,149,1,5,0
1162,152,476,1,47,0
1163,1693,441,0,40,1
1164,1907,74,1,14,1
1165,1332,286,1,39,0
1166,875,204,0,13,1
1167,139,412,0,36,1
1168,247,114,1,37,1
1169,1722,351,0,23,1
1170,1168,61,0,30,0
1171,462,7,1,4,0
1172,1461,228,0,46,0
1173,504,487,1,45,0
1174,1632,38,1,3,1
1175,964,307,0,1,0
1176,373,122,1,15,1
1177,473,342,0,29,0
1178,898,9,0,3,1
1179,1996,400,0,20,1
1180,1109,10,0,5,0
1181,707,279,1,10,1
1182,551,483,0,11,1
1183,135,295,0,41,1
1184,348,340,0,14,1
1185,1470,355,0,26,1
1186,21,239,0,30,1
1187,1103,387,0,21,0
1188,727,221,0,28,0
1189,806,217,1,3,1
1190,1512,332,0,22,0
1191,1104,391,1,8,0
1192,1894,347,1,17,0
1193,1459,288,0,24,1
1194,782,481,1,3,0
1195,1788,89,1,15,0
1196,2,267,0,43,1
1197,842,78,1,27,0
1198,1377,181,0,37,0
1199,1213,160,1,1,0
1200,397,91,0,43,0
1201,1256,107,0,38,1
1202,1908,329,1,29,0
1203,1386,59,0,5,1
1204,617,129,1,36,1
1205,1198,217,0,30,0
1206,1481,227,1,13,0
1207,1982,284,0,7,1
1208,443,317,0,21,1
1209,1432,183,0,12,1
1210,1505,93,1,35,0
1211,251,484,0,8,1
1212,903,180,1,32,0
1213,923,6,0,13,0
1214,221,293,0,9,0
1215,425,208,0,5,1
1216,843,428,0,25,0
1217,919,139,0,4,1
1218,211,284,1,25,1
1219,204,266,1,32,1
1220,819,482,1,47,1
1221,676,15,1,11,1
1222,249,109,1,4,0
1223,788,255,1,16,1
1224,70,404,0,42,0
1225,1053,320,1,22,1
1226,865,308,1,45,0
1227,900,419,0,25,1
1228,1554,92,0,39,0
1229,58,168,0,48,0
1230,198,98,0,48,0
1231,51,210,1,34,1
1232,1415,480,1,11,0
1233,1747,195,1,8,1
1234,319,399,1,42,1
1235,832,312,0,12,1
1236,1942,421,0,4,1
1237,990,295,1,43,0
1238,138,463,0,9,0
1239,1776,292,0,40,1
1240,1520,388,0,6,1
1241,1853,480,1,31,0
1242,1850,259,0,13,0
1243,998,435,1,15,1
1244,420,43,0,47,1
1245,852,261,0,46,1
1246,982,223,1,2,1
1247,1908,301,0,5,1
1248,1687,262,1,5,1
1249,916,381,0,19,0
1250,1077,285,0,47,0
1251,330,460,0,38,0
1252,1947,78,1,3,1
1253,257,70,1,12,0
1254,1732,134,1,42,0
1255,1274,64,1,27,1
1256,1982,53,0,30,1
1257,1608,111,1,19,0
1258,697,27,0,15,1
1259,1724,451,1,34,0
1260,156,69,0,19,1
1261,291,100,1,15,1
1262,1416,484,0,36,0
1263,248,333,1,20,1
1264,1449,112,0,7,0
1265,549,83,1,16,1
1266,176,28,0,43,1
1267,1946,450,0,6,0
1268,1708,405,0,42,1
1269,1912,55,1,28,1
1270,1229,481,0,30,1
1271,1251,342,0,21,0
1272,678,105,0,5,0
1273,593,266,1,1,0
1274,659,127,1,42,0
1275,835,85,0,7,0
1276,1076,331,1,27,0
1277,1820,388,0,1,1
1278,601,198,1,2,0
1279,1253,4,0,44,0
1280,1209,26,0,11,0
1281,844,207,1,37,0
1282,283,183,0,48,1
1283,129,123,0,28,1
1284,1332,1,0,30,0
1285,1615,197,1,2,0
1286,1747,3,1,30,1
1287,551,66,1,22,1
1288,1001,15,0,12,1
1289,866,322,1,17,1
1290,446,81,1,38,1
1291,544,50,1,6,1
1292,1176,93,0,46,0
1293,542,395,0,16,0
1294,801,431,0,46,0
1295,623,318,0,22,0
1296,1249,476,1,34,1
1297,964,432,0,43,1
1298,409,345,0,8,0
1299,396,497,1,22,0
1300,14,326,1,48,1
1301,932,186,0,18,0
1302,102,332,1,34,0
1303,1118,314,0,32,1
1304,916,7,1,17,1
1305,78,345,1,26,0
1306,366,466,1,39,1
1307,1337,138,1,39,0
1308,1,308,0,3,1
1309,1406,439,0,25,1
1310,889,415,1,44,1
1311,1847,1,1,41,0
1312,1217,130,1,10,1
1313,1596,419,1,11,0
1314,1605,348,1,12,0
1315,342,292,1,24,1
1316,100,45,0,25,0
1317,802,271,0,20,0
1318,281,443,1,24,0
1319,504,417,1,26,0
1320,1336,302,1,13,1
1321,1417,26,0,35,1
1322,1961,251,1,13,1
1323,1832,212,0,33,1
1324,1598,466,1,43,0
1325,1224,21,0,33,0
1326,1650,267,0,1,0
1327,1785,324,1,21,0
1328,39,144,1,7,0
1329,516,152,1,28,0
1330,990,457,1,42,1
1331,1032,385,0,2,0
1332,682,447,0,21,0
1333,1357,233,0,7,0
1334,896,385,1,40,1
1335,1804,17,1,5,1
1336,104,306,1,14,1
1337,986,117,1,14,0
1338,447,128,1,28,0
1339,810,246,1,48,1
1340,1023,356,1,15,0
1341,1076,140,1,6,0
1342,1098,68,1,2,0
1343,1688,29,0,11,1
1344,434,110,1,2,1
1345,489,385,0,29,0
1346,1650,362,0,27,0
1347,328,65,0,3,0
1348,1603,409,0,48,1
1349,1082,278,0,18,1
1350,1640,262,1,25,1
1351,1695,335,1,16,0
1352,177,51,1,36,1
1353,1616,474,1,33,0
1354,1681,206,0,31,0
1355,916,98,1,28,0
1356,746,309,0,29,1
1357,59,221,1,25,1
1358,46,288,1,42,1
1359,1702,330,0,42,1
1360,935,4,0,17,1
1361,983,332,0,41,0
1362,1003,402,1,38,0
1363,796,145,0,36,1
1364,1635,17,0,14,1
1365,1388,107,1,17,1
1366,1435,152,1,40,1
1367,1553,178,1,35,0
1368,1329,240,1,21,1
1369,326,396,0,24,1
1370,1677,236,0,33,0
1371,1634,354,1,39,1
1372,1292,237,1,45,1
1373,1263,484,0,7,1
1374,80,201,1,36,0
1375,267,425,0,18,0
1376,740,146,1,34,0
1377,1574,226,1,31,1
1378,1464,467,1,1,1
1379,981,454,0,44,0
1380,952,257,1,38,0
1381,980,495,0,3,1
1382,84,155,1,9,0
1383,1053,203,0,35,1
1384,1899,401,1,14,1
1385,645,94,0,2,0
1386,1010,36,1,26,1
1387,1291,209,1,17,0
1388,1307,286,0,12,0
1389,247,93,1,24,0
1390,233,450,1,44,0
1391,441,233,0,34,0
1392,481,361,0,31,1
1393,724,449,1,9,1
1394,492,110,0,27,1
1395,1958,192,0,35,1
1396,694,127,0,2,0
1397,906,277,1,45,1
1398,1073,12,0,29,1
1399,911,455,0,43,0
1400,1055,131,1,34,0
1401,134,333,1,9,0
1402,193,282,1,7,0
1403,229,341,1,22,1
1404,1757,199,0,44,1
1405,1622,435,0,31,0
1406,1834,419,0,27,1
1407,277,307,0,24,0
1408,1377,40,1,29,0
1409,81,476,0,19,0
1410,1395,304,0,41,1
1411,152,492,0,25,1
1412,1348,465,1,35,0
1413,1924,462,0,20,1
1414,1506,312,0,39,0
1415,341,220,0,34,0
1416,838,406,1,42,1
1417,887,269,0,33,1
1418,674,476,1,30,1
1419,53,89,0,10,0
1420,1137,332,1,30,0
1421,1403,101,1,46,1
1422,1530,325,1,9,1
1423,233,240,0,47,1
1424,1060,263,0,36,0
1425,153,253,0,15,1
1426,1176,497,1,48,1
1427,1626,408,0,41,0
1428,809,248,0,43,0
1429,1655,198,0,6,1
1430,966,437,0,28,0
1431,1928,341,0,17,0
1432,144,448,0,47,1
1433,1804,276,1,45,0
1434,978,24,0,39,1
1435,100,375,0,45,1
1436,1837,324,1,31,0
1437,976,234,0,11,0
1438,1537,238,1,25,1
1439,1017,129,0,38,1
1440,1984,388,0,21,1
1441,109,205,0,18,0
1442,738,491,0,8,0
1443,1487,43,1,32,0
1444,1023,452,0,13,1
1445,559,63,1,3,0
1446,1426,115,0,45,0
1447,383,201,1,16,0
1448,932,306,0,17,1
1449,1159,306,0,23,1
1450,779,378,0,8,1
1451,981,493,0,12,0
1452,1020,234,1,20,0
1453,1792,170,0,47,0
1454,1638,494,0,1,0
1455,14,179,1,22,1
1456,1844,465,1,29,0
1457,811,3,1,18,0
1458,1796,480,0,13,1
1459,1884,283,0,12,0
1460,1995,208,0,42,1
1461,1044,59,1,33,0
1462,1646,414,1,2,1
1463,1473,407,0,20,0
1464,1446,25,0,45,0
1465,765,16,1,2,1
1466,1706,428,0,13,1
1467,1523,308,1,46,0
1468,1929,385,0,9,0
1469,147,317,1,48,1
1470,1217,292,0,21,1
1471,1436,176,0,13,0
1472,808,429,0,34,0
1473,527,52,0,17,1
1474,176,204,0,41,1
1475,1218,110,0,12,1
1476,1903,9,1,2,0
1477,1110,42,0,19,0
1478,1033,449,0,28,1
1479,485,69,0,20,0
1480,449,345,0,5,1
1481,1031,486,0,41,0
1482,51,70,1,31,1
1483,1288,88,0,40,0
1484,1868,10,1,2,0
1485,1783,353,0,18,1
1486,1040,343,1,20,0
1487,944,293,0,23,1
1488,1304,223,0,45,0
1489,185,159,0,25,1
1490,866,450,0,36,1
1491,1436,131,1,15,0
1492,1934,102,0,3,1
1493,106,148,0,31,1
1494,404,395,1,20,1
1495,1144,368,1,28,0
1496,274,8,0,42,0
1497,1864,496,0,19,0
1498,1871,219,1,1,0
1499,484,11,1,8,1
1500,531,493,0,41,0
1501,114,19,1,32,1
1502,1524,226,1,25,1
1503,667,54,0,36,1
1504,400,251,1,9,1
1505,1846,427,0,3,0
1506,1072,458,0,40,0
1507,929,184,0,34,1
1508,130,280,1,5,1
1509,1842,379,0,28,0
1510,747,123,0,13,1
1511,1865,456,1,45,0
1512,1981,320,0,1,1
1513,79,239,1,30,0
1514,1863,475,1,4,1
1515,727,94,1,23,0
1516,1981,276,0,16,0
1517,710,203,0,6,1
1518,1304,1,0,23,0
1519,43,246,1,18,1
1520,694,477,0,19,1
1521,473,181,1,27,0
1522,1297,468,1,6,0
1523,1672,254,1,38,1
1524,1542,113,0,29,1
1525,521,493,1,7,0
1526,993,407,1,29,0
1527,1796,214,0,34,1
1528,1995,5,0,17,1
1529,1209,64,0,3,0
1530,614,336,0,15,1
1531,1853,434,1,25,1
1532,1896,355,0,37,0
1533,408,491,0,34,0
1534,1401,198,0,13,1
1535,1456,470,1,11,1
1536,119,28,0,16,0
1537,434,20,0,5,1
1538,4,302,0,23,1
1539,1788,349,1,35,0
1540,1974,384,1,30,0
1541,1535,154,1,3,0
1542,758,91,1,25,0
1543,1782,203,1,28,1
1544,607,51,1,42,1
1545,1506,234,1,43,0
1546,1238,467,0,7,0
1547,1583,315,0,6,1
1548,932,353,0,16,1
1549,345,57,1,32,0
1550,51,303,0,14,0
1551,1715,264,0,20,0
1552,1268,218,0,5,0
1553,40,440,1,27,1
1554,1910,331,1,21,1
1555,243,421,0,48,0
1556,789,166,0,34,0
1557,1333,86,0,44,0
1558,1816,479,1,24,1
1559,814,338,1,8,0
1560,1841,204,0,8,1
1561,554,301,0,47,1
1562,545,20,1,43,0
1563,1738,54,0,16,0
1564,1357,349,0,38,1
1565,1692,300,1,8,0
1566,1779,218,1,9,0
1567,1349,203,1,9,1
1568,1023,440,0,7,0
1569,963,332,1,31,0
1570,1441,109,1,20,1
1571,861,366,0,44,1
1572,1175,217,1,12,0
1573,1492,477,0,13,1
1574,1285,194,1,10,1
1575,1006,274,0,21,0
1576,1200,181,1,6,1
1577,1771,124,1,14,1
1578,1681,124,0,11,1
1579,148,465,0,36,1
1580,1679,490,1,13,0
1581,1463,376,1,25,1
1582,1058,122,0,37,0
1583,1823,428,0,46,0
1584,826,367,1,30,1
1585,1068,465,0,26,0
1586,594,120,1,28,0
1587,1078,337,1,30,1
1588,828,334,0,45,1
1589,1037,435,1,18,0
1590,745,256,1,13,0
1591,1425,49,1,36,0
1592,134,16,0,25,1
1593,1577,467,1,14,0
1594,1335,52,0,45,0
1595,1136,200,1,48,0
1596,918,290,1,39,0
1597,389,11,0,20,0
1598,1687,287,0,44,1
1599,1012,248,0,5,1
1600,742,381,0,38,1
1601,753,27,0,40,1
1602,298,8,0,15,0
1603,1271,137,0,22,1
1604,1527,345,1,31,0
1605,93,124,1,43,0
1606,1589,246,1,18,1
1607,564,224,1,46,0
1608,1061,279,0,3,0
1609,645,8,0,23,1
1610,1929,450,0,45,0
1611,944,265,0,34,0
1612,1804,445,0,47,0
1613,318,123,0,16,0
1614,28,453,0,15,1
1615,1738,368,0,48,1
1616,1681,280,0,4,1
1617,1646,99,1,11,0
1618,589,78,1,26,1
1619,547,428,1,37,0
1620,332,475,0,8,0
1621,1417,403,0,46,0
1622,126,263,0,44,1
1623,479,322,0,22,0
1624,841,148,0,27,1
1625,1481,126,0,41,0
1626,898,53,1,20,0
1627,1018,291,1,48,1
1628,970,125,0,37,1
1629,828,436,1,30,1
1630,312,199,0,4,1
1631,1700,57,0,43,1
1632,135,481,1,38,0
1633,1959,152,1,28,0
1634,1415,472,0,26,1
1635,11,256,1,14,0
1636,896,6,0,27,0
1637,546,341,1,29,0
1638,936,275,0,40,0
1639,236,285,0,27,0
1640,682,32,1,29,1
1641,1133,424,1,5,0
1642,1442,497,0,21,1
1643,986,320,1,24,0
1644,664,108,0,44,1
1645,423,212,0,4,1
1646,1427,123,1,34,0
1647,1731,109,0,28,0
1648,1183,432,0,44,1
1649,780,265,0,9,0
1650,1655,187,0,32,1
1651,1626,355,1,30,0
1652,839,77,0,38,1
1653,391,122,0,14,1
1654,1184,213,1,18,0
1655,183,431,1,42,0
1656,53,89,0,14,1
1657,583,62,1,33,0
1658,140,116,1,8,1
1659,1627,50,1,38,1
1660,607,100,0,48,0
1661,1618,66,0,34,0
1662,1779,499,1,29,0
1663,331,353,1,23,1
1664,144,125,0,1,1
1665,299,123,0,1,1
1666,428,471,0,9,1
1667,1137,28,0,3,0
1668,558,366,1,47,1
1669,1324,87,1,44,1
1670,1537,283,0,41,0
1671,866,257,1,8,0
1672,139,415,0,26,1
1673,554,418,0,6,0
1674,584,57,0,20,1
1675,1983,99,0,9,0
1676,489,436,1,15,1
1677,1335,171,1,21,1
1678,457,190,0,24,1
1679,19,477,0,29,0
1680,961,225,1,31,0
1681,532,51,1,29,1
1682,1564,87,1,7,0
1683,421,189,1,46,0
1684,487,382,0,48,0
1685,865,306,1,14,1
1686,368,356,1,20,0
1687,624,496,1,24,1
1688,443,382,1,48,1
1689,753,70,1,5,0
1690,1356,478,0,23,1
1691,524,485,1,1,0
1692,284,479,0,8,0
1693,373,99,1,13,0
1694,1131,165,1,8,0
1695,802,225,1,39,0
1696,1336,139,0,37,0
1697,1601,90,1,24,0
1698,1505,17,0,41,0
1699,1054,365,1,36,1
1700,1529,283,1,38,0
1701,1190,197,0,26,1
1702,1170,354,0,24,0
1703,829,491,0,6,1
1704,1426,241,1,22,1
1705,1437,249,0,39,1
1706,1310,64,1,25,0
1707,1,250,0,29,0
1708,1557,243,0,10,1
1709,730,189,0,42,0
1710,630,260,1,10,0
1711,1791,166,1,41,0
1712,207,93,1,4,0
1713,1837,226,1,3,1
1714,1456,399,1,22,0
1715,1451,293,1,38,0
1716,563,363,0,45,1
1717,969,91,0,30,1
1718,190,330,0,21,0
1719,404,494,1,32,0
1720,1630,463,1,48,1
1721,1431,232,0,26,1
1722,914,172,0,45,0
1723,1395,72,0,13,1
1724,228,59,0,18,0
1725,1900,370,1,3,0
1726,1060,387,0,9,1
1727,417,484,0,39,0
1728,1194,251,1,48,1
1729,1577,372,0,27,1
1730,1131,119,0,12,0
1731,1837,254,1,5,0
1732,498,448,0,20,1
1733,956,340,1,19,0
1734,107,356,1,13,0
1735,1126,161,1,34,1
1736,258,232,0,27,0
1737,1221,293,1,22,1
1738,875,498,1,20,0
1739,1949,171,1,15,1
1740,835,374,1,4,0
1741,1429,47,1,28,0
1742,1114,389,1,40,1
1743,1347,213,0,1,0
1744,1264,299,0,2,1
1745,569,206,1,16,0
1746,1821,83,1,4,1
1747,1298,21,1,38,1
1748,1811,191,1,28,1
1749,312,304,0,7,1
1750,581,361,1,35,1
1751,1261,240,0,43,1
1752,1268,452,0,8,0
1753,225,390,1,8,0
1754,872,497,1,10,0
1755,1774,115,0,39,1
1756,153,407,0,12,0
1757,1174,245,1,44,1
1758,834,94,0,20,1
1759,1997,138,1,30,0
1760,668,88,1,17,1
1761,1689,167,1,25,0
1762,758,446,1,44,1
1763,1592,34,0,19,1
1764,1325,430,1,4,0
1765,1671,491,1,33,1
1766,503,61,1,26,0
1767,1261,392,1,28,1
1768,1626,379,0,45,1
1769,1719,27,1,5,0
1770,96,53,1,36,0
1771,1402,471,1,23,0
1772,155,75,0,38,1
1773,1175,424,1,17,0
1774,4,493,1,42,0
1775,838,201,0,3,1
1776,1975,31,1,31,0
1777,376,186,1,12,1
1778,1124,323,0,25,1
1779,1669,304,1,44,1
1780,434,377,1,6,1
1781,1223,137,0,27,0
1782,1865,226,1,5,0
1783,1789,428,0,26,1
1784,722,430,1,8,0
1785,1781,44,0,47,1
1786,373,421,0,9,0
1787,496,93,1,6,0
1788,1685,21,0,3,0
1789,967,473,0,42,0
1790,1983,300,1,43,1
1791,944,122,1,22,0
1792,321,251,1,12,1
1793,1880,227,0,3,1
1794,377,408,1,9,0
1795,436,424,1,4,1
1796,1057,398,1,41,0
1797,750,455,1,31,1
1798,1651,132,0,21,1
1799,1461,47,1,13,0
1800,1596,466,0,24,0
1801,1703,5,1,48,1
1802,241,463,0,21,1
1803,41,337,0,28,0
1804,263,80,1,46,0
1805,1461,367,0,25,0
1806,1751,354,0,20,0
1807,1339,41,0,17,0
1808,770,170,1,14,0
1809,401,273,0,40,0
1810,1509,224,0,33,0
1811,1150,389,1,42,0
1812,1751,123,1,6,0
1813,476,342,0,8,0
1814,698,341,1,6,0
1815,134,92,1,25,1
1816,1186,196,0,5,0
1817,1710,157,0,37,0
1818,693,205,0,20,0
1819,511,300,1,2,0
1820,1622,328,0,26,1
1821,649,372,0,6,1
1822,718,296,1,23,1
1823,579,24,1,33,0
1824,1841,261,1,2,1
1825,1354,387,1,48,1
1826,1908,454,0,31,1
1827,710,290,0,13,1
1828,1952,345,1,29,0
1829,1125,409,0,44,1
1830,1139,312,1,9,0
1831,1529,298,0,28,0
1832,1708,108,1,2,1
1833,51,298,0,8,1
1834,831,121,1,19,0
1835,954,80,1,2,0
1836,742,223,1,27,1
1837,271,46,1,6,1
1838,387,259,0,28,0
1839,1628,248,0,28,1
1840,1349,106,0,46,1
1841,199,351,0,26,1
1842,1055,287,0,33,1
1843,1380,185,1,26,0
1844,992,11,0,35,0
1845,1694,258,0,29,1
1846,619,279,1,43,1
1847,53,163,0,38,1
1848,1257,128,0,19,0
1849,1947,414,1,37,0
1850,1029,355,0,15,0
1851,599,360,0,23,0
1852,366,432,0,35,0
1853,1578,66,1,24,1
1854,1701,66,1,41,0
1855,925,9,0,23,0
1856,991,419,0,34,0
1857,975,241,0,39,1
1858,1037,138,1,19,1
1859,1007,412,1,1,0
1860,484,378,0,7,0
1861,618,279,1,23,1
1862,99,360,0,17,1
1863,1856,347,1,25,0
1864,838,72,1,20,1
1865,936,177,1,35,0
1866,1806,263,1,15,1
1867,1627,143,1,29,0
1868,692,248,0,34,0
1869,666,413,1,27,1
1870,336,484,1,19,0
1871,842,329,0,26,1
1872,1597,414,1,36,1
1873,465,371,0,23,1
1874,456,469,1,45,1
1875,325,229,0,22,1
1876,1374,165,1,18,1
1877,47,470,0,41,1
1878,446,104,0,2,1
1879,773,434,0,43,0
1880,1791,145,1,23,0
1881,1637,247,0,22,0
1882,519,273,0,30,1
1883,380,166,1,26,1
1884,145,375,1,47,1
1885,804,111,1,37,0
1886,610,493,1,27,1
1887,500,64,1,7,0
1888,1768,178,0,18,1
1889,1381,70,0,41,1
1890,1713,269,1,42,1
1891,1456,53,1,19,0
1892,1071,151,1,17,1
1893,718,50,0,25,0
1894,1639,75,0,48,1
1895,464,230,0,14,0
1896,930,453,1,8,0
1897,1182,353,0,31,1
1898,382,79,0,29,0
1899,1787,361,0,26,1
1900,1785,138,0,5,1
1901,454,149,1,7,1
1902,1701,417,0,41,1
1903,613,139,1,16,1
1904,1405,1,0,44,0
1905,1024,379,0,25,0
1906,1944,420,0,14,1
1907,152,385,0,28,1
1908,923,256,1,8,1
1909,1355,336,1,36,0
1910,402,265,1,39,0
1911,938,101,1,28,0
1912,41,148,1,31,1
1913,1327,214,1,18,1
1914,574,112,0,24,1
1915,598,386,1,3,1
1916,175,155,1,23,0
1917,839,154,0,28,0
1918,1336,27,1,32,0
1919,803,100,0,12,0
1920,477,461,1,41,1
1921,1329,75,1,14,0
1922,929,160,0,15,1
1923,250,6,0,22,0
1924,342,272,1,43,1
1925,1844,332,0,28,0
1926,843,183,0,12,1
1927,124,54,0,47,1
1928,923,273,0,31,0
1929,1080,49,1,48,0
1930,932,497,1,39,1
1931,912,326,1,4,0
1932,1945,451,1,30,1
1933,766,215,1,19,1
1934,46,370,0,41,1
1935,1710,222,0,48,1
1936,1957,450,0,8,1
1937,741,252,1,38,1
1938,318,481,0,35,1
1939,1021,351,0,22,0
1940,1575,439,1,30,0
1941,1238,1,1,32,1
1942,138,384,1,41,1
1943,662,148,0,36,0
1944,1532,109,0,19,0
1945,809,187,1,35,0
1946,1727,335,1,43,0
1947,1176,257,1,14,1
1948,1927,129,1,11,1
1949,617,23,0,36,1
1950,579,136,1,11,0
1951,1269,162,0,10,0
1952,1993,19,1,38,0
1953,650,254,0,37,0
1954,704,470,1,47,0
1955,166,267,0,35,0
1956,1653,363,0,5,0
1957,1458,119,0,23,0
1958,355,66,0,38,1
1959,764,424,1,11,1
1960,846,79,0,45,1
1961,950,35,0,12,1
1962,1840,251,0,14,1
1963,1736,178,1,43,0
1964,1409,455,0,36,1
1965,228,99,0,41,0
1966,535,425,0,24,0
1967,1623,221,1,34,1
1968,1378,338,0,43,1
1969,813,79,0,20,0
1970,1367,276,1,37,0
1971,364,326,1,41,1
1972,626,440,1,25,0
1973,1068,155,1,43,1
1974,1157,295,0,8,0
1975,445,486,0,12,0
1976,1213,137,1,40,0
1977,1874,110,0,10,0
1978,1110,53,1,3,0
1979,1831,20,0,11,1
1980,1819,170,0,3,0
1981,1629,418,1,19,0
1982,1739,154,0,6,0
1983,693,366,1,27,0
1984,1026,381,1,14,1
1985,1487,397,1,43,1
1986,984,279,0,13,0
1987,1162,21,1,26,1
1988,401,383,0,42,1
1989,425,116,0,30,0
1990,633,224,0,47,1
1991,318,209,0,23,1
1992,994,426,1,7,1
1993,1427,276,0,31,1
1994,1385,144,0,32,1
1995,951,329,1,26,1
1996,653,325,1,36,1
1997,70,150,0,46,0
1998,772,43,1,25,1
1999,141,219,1,41,0
2000,1990,252,0,43,1
2001,724,470,0,23,1
2002,515,86,0,37,1
2003,719,59,0,44,1
2004,1653,137,0,40,1
2005,1312,96,1,39,1
2006,849,489,0,9,0
2007,1494,237,1,21,1
2008,1091,267,1,45,0
2009,1968,170,0,47,1
2010,1101,142,1,22,0
2011,1450,361,1,9,1
2012,21,320,0,4,1
2013,580,82,1,32,1
2014,741,399,1,36,1
2015,1399,430,1,15,0
2016,42,251,0,43,0
2017,47,281,0,5,0
2018,1979,449,1,17,0
2019,1249,297,0,24,0
2020,291,316,0,39,1
2021,831,170,0,3,0
2022,740,491,0,21,0
2023,202,436,0,20,0
2024,1607,478,0,28,1
2025,1721,231,1,2,1
2026,1517,311,0,31,1
2027,91,303,0,8,1
2028,72,192,0,10,0
2029,1569,5,0,44,0
2030,443,64,0,26,1
2031,971,357,1,8,0
2032,1042,43,1,46,1
2033,766,251,0,32,0
2034,455,347,1,4,0
2035,1499,53,0,14,0
2036,1121,157,1,34,1
2037,1763,338,0,33,1
2038,364,427,1,25,1
2039,857,448,0,6,0
2040,1199,77,1,32,1
2041,454,114,0,33,1
2042,575,66,0,9,1
2043,499,450,0,22,1
2044,570,472,0,4,1
2045,96,3,0,4,0
2046,1547,403,0,38,1
2047,1111,20,1,33,1
2048,95,174,1,45,1
2049,1452,18,0,19,1
2050,141,148,0,46,1
2051,1947,352,1,3,1
2052,260,303,1,48,1
2053,962,197,0,6,0
2054,8,51,0,46,0
2055,524,461,0,28,1
2056,1351,146,1,45,0
2057,1639,414,1,39,0
2058,711,235,0,34,0
2059,1356,392,1,37,1
2060,763,391,0,22,0
2061,60,201,1,3,0
2062,1147,457,0,4,1
2063,1590,150,1,26,1
2064,1395,110,0,4,1
2065,1187,162,0,1,0
2066,1788,83,1,7,1
2067,1583,168,0,22,1
2068,722,7,1,28,1
2069,117,210,1,48,0
2070,438,377,1,30,0
2071,206,60,0,22,1
2072,74,459,0,11,1
2073,442,186,0,19,1
2074,723,355,0,9,0
2075,1995,397,1,18,1
2076,414,280,0,3,0
2077,1166,235,0,32,0
2078,1652,484,0,16,1
2079,1878,485,0,9,1
2080,1673,471,0,48,1
2081,1564,482,1,7,0
2082,693,433,1,31,1
2083,1616,497,1,30,0
2084,165,157,0,6,0
2085,1297,334,0,44,0
2086,1386,375,0,16,1
2087,19,278,0,23,0
2088,424,343,0,8,1
2089,381,109,1,40,1
2090,1878,184,0,17,0
2091,1972,55,1,8,0
2092,1503,320,1,28,1
2093,680,331,0,36,1
2094,1953,203,1,21,0
2095,290,132,0,19,1
2096,1012,327,0,18,0
2097,564,269,1,31,0
2098,1870,279,0,20,0
2099,1707,162,1,15,0
2100,1816,351,1,21,0
2101,350,232,1,3,0
2102,1909,75,1,45,0
2103,1139,425,0,14,1
2104,1122,317,0,47,1
2105,1077,151,1,16,1
2106,768,146,1,3,0
2107,1971,48,1,25,0
2108,1985,220,0,6,1
2109,275,38,0,26,0
2110,474,367,0,2,1
2111,836,181,0,18,0
2112,1808,141,0,43,0
2113,1325,238,0,30,0
2114,1668,331,0,16,0
2115,1699,196,0,47,1
2116,1918,493,0,32,1
2117,1692,207,1,1,1
2118,1017,341,0,18,1
2119,1555,281,0,22,0
2120,370,76,1,6,1
2121,361,47,1,7,1
2122,662,385,1,5,1
2123,1579,237,0,14,0
2124,1048,295,0,31,0
2125,1287,469,1,46,1
2126,213,406,1,17,1
2127,820,116,1,6,0
2128,1664,486,1,23,0
2129,537,9,1,43,1
2130,635,164,0,17,0
2131,1534,496,1,18,1
2132,460,21,1,24,1
2133,1452,494,0,38,0
2134,1777,54,0,38,0
2135,613,71,0,20,0
2136,1232,407,0,1,0
2137,314,152,0,20,1
2138,611,152,0,37,1
2139,1286,146,0,41,1
2140,1516,208,1,37,1
2141,819,53,0,38,0
2142,796,131,0,47,0
2143,1018,181,0,46,0
2144,420,219,1,14,1
2145,435,444,0,34,0
2146,1859,119,1,18,1
2147,1811,200,1,46,0
2148,1744,377,1,34,1
2149,996,16,1,20,0
2150,1780,208,0,24,0
2151,989,370,0,28,1
2152,1512,397,0,20,0
2153,1817,36,1,10,0
2154,530,21,0,22,1
2155,1712,472,1,45,0
2156,1169,231,1,24,0
2157,1201,458,0,15,0
2158,448,107,1,28,0
2159,671,476,1,10,0
2160,1579,432,1,33,0
2161,113,236,0,1,1
2162,67,29,1,45,0
2163,154,322,0,28,0
2164,832,461,1,12,0
2165,211,234,0,26,0
2166,1229,264,1,23,0
2167,422,175,1,27,1
2168,726,160,0,1,1
2169,1933,304,1,19,1
2170,223,261,0,2,1
2171,828,211,0,48,1
2172,1237,148,1,5,1
2173,441,84,0,20,1
2174,1423,345,1,33,0
2175,1843,372,0,7,0
2176,536,291,1,39,0
2177,571,93,0,39,0
2178,1664,286,1,32,1
2179,363,305,1,19,1
2180,1717,478,0,16,1
2181,13,444,1,3,1
2182,576,74,1,38,0
2183,1574,456,0,47,0
2184,1813,261,0,33,0
2185,91,128,0,1,0
2186,784,77,0,9,0
2187,421,344,0,38,0
2188,597,289,1,3,1
2189,779,445,0,33,1
2190,1648,302,1,19,1
2191,1172,283,0,43,0
2192,970,373,1,22,0
2193,175,132,1,11,0
2194,1831,17,0,45,1
2195,622,199,1,23,1
2196,1506,159,0,22,0
2197,57,58,0,19,0
2198,679,287,1,5,1
2199,996,447,1,27,1
2200,164,131,0,6,0
2201,1051,366,0,46,0
2202,208,319,1,7,1
2203,1622,443,1,32,0
2204,1617,262,1,41,0
2205,1338,367,1,5,0
2206,1687,23,0,31,1
2207,886,300,1,15,0
2208,902,47,1,27,0
2209,962,270,0,6,1
2210,992,53,0,32,1
2211,1649,450,0,24,1
2212,1178,450,1,27,1
2213,1882,348,1,48,1
2214,1931,311,1,18,1
2215,315,228,1,39,0
2216,143,135,1,9,0
2217,1279,359,0,19,1
2218,686,432,1,4,1
2219,580,252,0,17,1
2220,307,151,1,16,0
2221,881,156,0,46,0
2222,977,91,1,29,1
2223,150,417,0,18,1
2224,732,105,0,16,1
2225,570,451,1,28,0
2226,1242,45,1,16,1
2227,1372,220,1,42,1
2228,764,80,1,13,1
2229,360,297,0,21,0
2230,658,200,0,48,1
2231,971,39,1,21,0
2232,1377,262,1,43,0
2233,1197,174,0,6,0
2234,640,389,1,26,1
2235,1935,90,1,43,0
2236,1769,8,0,31,0
2237,852,245,0,15,1
2238,74,377,1,8,1
2239,556,205,0,45,0
2240,1808,298,0,3,0
2241,1147,157,1,25,0
2242,912,320,1,44,0
2243,1845,167,0,44,0
2244,925,135,1,35,1
2245,84,332,1,9,0
2246,843,30,1,19,0
2247,931,489,1,8,0
2248,1551,40,1,8,0
2249,761,187,1,25,0
2250,877,379,0,44,1
2251,1418,146,0,3,0
2252,86,369,1,14,0
2253,278,56,1,36,1
2254,1835,104,0,48,0
2255,93,20,0,38,1
2256,1297,147,1,48,1
2257,733,233,0,23,0
2258,396,233,0,3,1
2259,168,457,0,6,1
2260,985,312,1,40,0
2261,1359,18,1,34,1
2262,652,220,1,43,0
2263,1653,5,1,4,1
2264,1165,209,0,35,0
2265,771,127,0,29,1
2266,58,293,1,19,0
2267,682,162,1,47,1
2268,690,412,0,38,0
2269,503,193,0,13,0
2270,828,467,1,38,0
2271,8,66,1,38,1
2272,1351,412,0,41,1
2273,1082,358,0,35,1
2274,398,469,0,39,1
2275,995,33,1,35,1
2276,255,86,1,38,0
2277,1933,266,0,34,0
2278,1625,478,1,42,0
2279,1816,115,1,47,1
2280,1414,7,1,6,1
2281,1171,433,1,27,0
2282,269,98,1,32,0
2283,1303,418,1,28,0
2284,978,18,1,3,1
2285,1067,286,0,26,0
2286,1196,383,1,3,1
2287,442,203,1,44,1
2288,492,330,0,12,1
2289,1092,306,1,2,0
2290,1464,116,0,14,1
2291,372,440,1,40,0
2292,1974,70,0,8,1
2293,804,194,1,20,1
2294,27,342,1,29,1
2295,1105,270,1,44,0
2296,1354,140,0,23,0
2297,1778,118,0,28,1
2298,597,66,0,33,0
2299,527,390,0,10,1
2300,330,246,1,41,1
2301,855,297,0,6,0
2302,500,420,1,31,1
2303,1647,326,0,40,1
2304,542,343,0,1,0
2305,1926,289,0,15,1
2306,924,263,0,42,0
2307,1570,487,0,19,1
2308,1595,92,0,3,0
2309,1774,78,0,46,0
2310,911,106,0,4,0
2311,158,298,0,6,1
2312,1409,220,0,21,1
2313,766,150,1,12,1
2314,1942,285,1,5,0
2315,792,306,1,39,0
2316,1922,302,1,9,0
2317,833,454,0,38,1
2318,563,188,0,35,1
2319,278,197,1,4,1
2320,1634,159,0,2,0
2321,1296,123,1,28,0
2322,904,285,0,12,1
2323,964,46,0,29,1
2324,1042,276,0,43,1
2325,986,144,0,28,0
2326,1362,429,1,26,0
2327,1408,225,0,39,1
2328,343,227,0,15,0
2329,1321,436,1,23,1
2330,1283,232,0,37,0
2331,674,304,1,7,1
2332,1978,308,1,31,1
2333,766,123,0,21,0
2334,1066,157,1,29,1
2335,1484,253,0,48,0
2336,1892,182,1,7,1
2337,684,354,0,5,1
2338,1887,50,0,23,1
2339,1872,91,1,26,0
2340,182,424,0,18,0
2341,1881,225,0,2,1
2342,1830,233,0,43,1
2343,62,8,1,39,1
2344,511,100,0,15,1
2345,1561,288,1,32,1
2346,1088,210,1,26,1
2347,1683,137,1,18,0
2348,773,275,1,34,0
2349,8,265,0,37,0
2350,1343,366,1,16,0
2351,53,475,1,13,1
2352,612,174,0,36,1
2353,1898,48,1,18,0
2354,561,2,0,46,0
2355,825,322,0,24,1
2356,1062,436,1,17,0
2357,1808,490,1,14,0
2358,835,396,0,13,0
2359,1881,272,1,47,0
2360,1216,247,1,39,1
2361,1004,411,0,44,0
2362,1087,400,0,38,1
2363,1048,321,1,37,0
2364,1761,128,1,3,1
2365,1663,327,0,7,1
2366,1731,497,1,12,0
2367,170,455,0,1,1
2368,1677,389,1,17,0
2369,787,327,1,31,1
2370,639,433,0,31,1
2371,809,280,1,7,0
2372,420,457,0,12,1
2373,423,68,0,8,0
2374,1605,256,0,43,0
2375,367,90,0,37,1
2376,1655,86,1,40,1
2377,1141,149,1,7,1
2378,223,3,0,34,0
2379,463,168,1,3,0
2380,547,381,1,3,1
2381,727,288,0,45,1
2382,1918,58,1,2,1
2383,1691,116,1,16,0
2384,1519,256,0,18,1
2385,1291,488,0,46,0
2386,1447,441,1,31,0
2387,1334,278,0,13,1
2388,343,316,1,18,0
2389,1727,307,1,33,0
2390,1590,387,1,17,1
2391,15,320,0,3,0
2392,1600,400,0,47,1
2393,1676,326,0,30,1
2394,1443,111,1,34,0
2395,113,102,0,7,0
2396,1236,375,0,43,0
2397,105,238,1,16,1
2398,1924,329,0,27,0
2399,1596,496,1,31,0
2400,781,386,0,11,1
2401,264,249,0,43,1
2402,85,172,1,17,0
2403,196,372,0,25,1
2404,1929,345,0,38,1
2405,1506,98,1,44,1
2406,1961,346,1,30,0
2407,1074,197,1,9,1
2408,1311,142,1,45,0
2409,1213,480,1,18,0
2410,1789,189,0,20,1
2411,584,338,0,42,0
2412,802,234,1,31,1
2413,1693,189,1,48,0
2414,363,132,1,13,1
2415,1162,289,0,7,0
2416,1583,268,1,7,0
2417,880,417,1,12,1
2418,7,350,1,18,1
2419,1488,242,0,25,0
2420,1072,472,0,45,0
2421,826,440,0,46,0
2422,1476,67,1,47,1
2423,1047,92,0,16,1
2424,997,76,1,23,0
2425,865,434,0,18,1
2426,1615,191,0,43,0
2427,1522,200,0,22,1
2428,1726,399,0,24,0
2429,1559,289,0,39,0
2430,1932,125,0,37,1
2431,1428,341,0,4,1
2432,1994,36,0,33,0
2433,32,36,1,30,1
2434,1473,161,1,39,0
2435,225,63,1,35,1
2436,1454,46,1,25,0
2437,158,322,1,40,0
2438,452,32,1,29,0
2439,240,147,0,27,1
2440,1919,433,0,24,0
2441,1877,438,1,27,0
2442,1448,189,1,20,1
2443,1722,91,0,17,0
2444,1245,45,1,39,0
2445,132,26,0,12,1
2446,529,462,1,15,1
2447,1995,422,0,22,1
2448,1241,426,0,43,1
2449,1403,30,0,11,0
2450,1188,355,1,22,1
2451,1110,228,1,5,1
2452,1006,351,0,45,1
2453,1194,137,0,4,0
2454,1387,415,0,38,0
2455,63,153,1,36,0
2456,1785,236,0,13,0
2457,1507,352,1,21,0
2458,1128,280,1,18,1
2459,682,323,0,41,1
2460,1036,2,0,40,1
2461,1091,480,1,12,1
2462,657,4,1,47,0
2463,1169,60,0,11,1
2464,1347,36,1,21,1
2465,817,452,1,12,1
2466,718,40,0,14,1
2467,518,131,1,47,0
2468,205,366,0,45,1
2469,71,174,0,33,1
2470,1718,172,1,32,0
2471,571,148,0,42,0
2472,275,143,1,4,1
2473,677,297,1,28,0
2474,941,142,1,37,0
2475,1212,247,0,46,0
2476,1140,64,1,39,1
2477,1189,86,1,13,0
2478,1042,429,0,2,0
2479,410,378,0,22,1
2480,1661,191,0,17,0
2481,314,404,0,8,0
2482,1151,87,0,39,0
2483,890,287,0,48,0
2484,931,362,1,17,0
2485,832,448,1,42,1
2486,1430,265,0,31,1
2487,2,356,0,24,0
2488,1739,380,1,35,0
2489,1618,357,1,15,1
2490,5,164,0,40,0
2491,1864,424,1,42,1
2492,740,114,1,41,0
2493,1253,326,0,1,1
2494,1114,436,0,32,1
2495,895,219,1,28,0
2496,435,472,1,48,0
2497,493,490,1,7,0
2498,1813,264,1,4,1
2499,1396,383,0,28,1
2500,760,365,1,21,1
2501,1444,201,0,21,1
2502,1975,42,1,4,1
2503,484,492,1,10,1
2504,19,30,0,22,0
2505,32,478,1,4,1
2506,564,261,1,7,0
2507,603,163,1,10,1
2508,1688,307,0,36,1
2509,1940,143,0,42,1
2510,1582,191,0,31,1
2511,1930,247,0,30,1
2512,1671,36,0,26,0
2513,1488,100,1,40,0
2514,1893,96,1,30,0
2515,1998,362,0,22,1
2516,421,308,0,18,0
2517,517,199,0,35,1
2518,140,441,0,21,0
2519,612,236,0,7,0
2520,1583,393,1,30,1
2521,719,233,1,18,1
2522,878,37,0,8,1
2523,1419,168,0,12,1
2524,1662,351,0,38,0
2525,1508,237,1,21,0
2526,102,197,1,24,0
2527,1590,249,0,21,1
2528,1177,490,1,11,0
2529,1709,230,1,37,1
2530,1766,87,0,42,1
2531,506,204,0,32,1
2532,1456,151,1,34,0
2533,1584,178,1,31,0
2534,1756,199,0,20,1
2535,1319,108,1,25,0
2536,1724,75,0,35,0
2537,32,56,1,8,1
2538,1755,413,1,48,0
2539,1467,166,0,1,0
2540,1540,190,0,46,1
2541,221,479,0,14,0
2542,1472,319,0,17,0
2543,1826,342,1,43,0
2544,1184,448,0,12,1
2545,1984,367,1,3,1
2546,105,362,0,10,0
2547,1,139,0,16,0
2548,1946,242,1,13,1
2549,1718,420,1,22,1
2550,576,95,0,35,0
2551,1353,298,1,36,1
2552,566,464,0,30,1
2553,928,164,1,31,0
2554,1124,55,1,11,0
2555,322,328,0,46,1
2556,1883,126,1,35,1
2557,1133,486,1,33,0
2558,565,114,0,19,0
2559,1758,325,0,23,1
2560,1592,388,1,23,1
2561,1445,28,1,7,1
2562,831,40,1,11,0
2563,310,157,1,13,1
2564,1104,291,0,6,1
2565,1234,142,1,4,1
2566,1102,82,0,42,0
2567,334,194,1,5,0
2568,874,377,0,19,1
2569,1641,339,1,44,0
2570,1675,494,1,18,1
2571,218,254,1,8,1
2572,1658,166,1,33,0
2573,1462,240,0,36,0
2574,1573,342,0,46,1
2575,475,190,1,7,0
2576,1015,96,1,33,1
2577,1084,123,0,28,0
2578,1363,468,0,30,1
2579,1122,373,0,6,1
2580,529,371,0,18,0
2581,751,280,0,22,0
2582,920,254,1,15,1
2583,1005,204,0,27,1
2584,25,117,0,14,0
2585,526,480,1,9,0
2586,674,293,0,3,0
2587,730,233,0,31,1
2588,1163,381,0,48,1
2589,876,195,0,30,0
2590,102,33,1,37,0
2591,811,348,1,39,0
2592,599,217,0,6,1
2593,1971,227,1,27,0
2594,1612,278,0,4,1
2595,1980,319,1,32,0
2596,509,387,1,33,1
2597,365,416,1,11,0
2598,1130,488,1,27,0
2599,743,136,0,40,0
2600,1881,463,1,16,0
2601,547,459,1,23,1
2602,999,317,1,32,1
2603,1845,486,0,17,0
2604,1445,387,0,2,1
2605,1931,455,0,34,0
2606,1120,442,0,48,1
2607,11,49,1,28,1
2608,1220,47,1,13,0
2609,1765,479,1,43,0
2610,639,341,0,43,0
2611,1420,108,1,39,1
2612,843,146,1,48,0
2613,935,403,1,27,1
2614,656,375,1,40,0
2615,1309,176,1,19,0
2616,421,336,0,48,0
2617,583,500,0,5,0
2618,1153,241,1,47,1
2619,599,20,0,41,0
2620,801,103,1,18,0
2621,262,449,1,24,0
2622,351,455,1,45,0
2623,977,163,1,47,0
2624,1897,56,1,26,0
2625,775,436,0,4,1
2626,1704,498,0,34,0
2627,81,402,1,23,0
2628,252,354,0,36,1
2629,429,270,0,48,1
2630,101,18,0,3,1
2631,734,368,1,40,1
2632,1786,180,1,3,1
2633,1749,246,0,20,0
2634,440,458,1,21,0
2635,1790,348,1,14,1
2636,96,332,1,32,0
2637,1406,213,1,42,0
2638,475,66,0,38,0
2639,1976,166,1,1,0
2640,367,55,1,35,1
2641,340,464,0,14,1
2642,1406,23,0,14,1
2643,1824,247,0,19,1
2644,1978,344,0,4,0
2645,320,67,0,38,0
2646,385,95,0,4,1
2647,1402,68,1,8,0
2648,1399,350,0,11,0
2649,1677,64,1,25,0
2650,490,453,1,40,0
2651,407,202,1,26,0
2652,92,221,1,23,0
2653,1658,343,0,10,1
2654,1718,11,0,31,0
2655,1573,39,1,48,1
2656,215,208,1,29,0
2657,1297,183,0,24,0
2658,341,317,0,33,0
2659,1081,172,0,26,1
2660,1894,20,0,22,0
2661,923,39,1,2,1
2662,475,157,1,10,0
2663,849,240,0,21,1
2664,1461,123,0,25,1
2665,716,164,0,32,1
2666,74,69,0,11,1
2667,741,370,1,41,1
2668,1392,25,1,25,1
2669,942,103,1,8,1
2670,233,34,0,46,1
2671,1112,471,0,1,1
2672,1482,170,0,46,0
2673,1251,461,0,25,1
2674,1402,299,0,33,0
2675,109,167,0,27,1
2676,1038,496,1,22,0
2677,1661,115,0,1,0
2678,403,33,0,32,1
2679,1512,146,1,25,1
2680,97,327,0,27,1
2681,503,73,1,14,0
2682,685,307,1,20,1
2683,1917,93,0,8,0
2684,1376,496,0,25,1
2685,476,492,0,29,0
2686,145,466,1,28,1
2687,1748,153,0,39,0
2688,643,56,1,35,1
2689,1763,393,1,42,1
2690,1814,85,0,1,1
2691,1377,322,0,4,0
2692,299,150,0,42,1
2693,1703,264,1,46,0
2694,1606,275,0,14,0
2695,683,191,1,45,1
2696,712,291,0,16,1
2697,421,233,1,41,0
2698,431,246,1,31,1
2699,354,437,0,15,1
2700,1614,265,0,33,0
2701,577,333,0,48,1
2702,235,341,0,44,0
2703,649,350,0,17,1
2704,979,157,1,2,0
2705,1689,65,0,41,0
2706,26,433,0,5,1
2707,1445,447,0,13,0
2708,1258,163,0,35,1
2709,1543,167,1,9,0
2710,315,474,0,48,1
2711,1483,211,1,2,1
2712,72,398,0,36,1
2713,943,369,1,13,0
2714,1608,187,0,37,1
2715,1784,96,1,6,1
2716,652,464,0,6,1
2717,1205,173,1,36,0
2718,1341,445,0,36,1
2719,1356,460,1,45,1
2720,577,87,0,17,0
2721,1358,447,0,39,0
2722,616,40,0,40,0
2723,1998,394,1,6,0
2724,1352,245,0,47,0
2725,425,494,0,5,0
2726,1398,341,1,45,0
2727,1430,291,1,11,0
2728,1578,347,1,44,0
2729,1119,193,0,3,0
2730,582,352,0,38,1
2731,749,112,0,36,0
2732,1168,287,1,24,0
2733,1308,481,0,12,0
2734,1987,221,0,16,1
2735,727,318,1,38,1
2736,38,482,0,30,1
2737,1394,124,0,17,0
2738,693,432,0,22,0
2739,449,408,0,33,1
2740,1837,127,0,1,1
2741,879,337,0,9,0
2742,673,104,1,38,0
2743,557,426,1,46,0
2744,425,481,1,11,1
2745,71,248,0,20,1
2746,1003,174,0,4,1
2747,1115,420,0,2,1
2748,626,452,1,22,1
2749,1986,65,1,12,1
2750,1594,299,0,2,1
2751,15,170,0,2,1
2752,1918,68,0,11,0
2753,715,175,1,11,0
2754,307,214,1,32,0
2755,285,51,0,25,1
2756,1002,196,1,35,1
2757,939,250,0,17,0
2758,905,85,1,14,1
2759,1671,155,0,18,0
2760,723,220,1,9,1
2761,534,391,1,13,0
2762,1730,206,1,13,1
2763,318,8,1,29,1
2764,689,168,1,11,1
2765,1646,121,1,19,0
2766,382,401,1,20,1
2767,1427,180,0,42,0
2768,1641,378,0,37,1
2769,565,199,1,21,0
2770,485,351,0,4,0
2771,401,355,0,43,0
2772,166,363,1,45,0
2773,259,36,1,18,1
2774,1092,243,1,42,1
2775,1294,332,1,30,1
2776,1945,463,0,26,0
2777,1277,169,0,22,0
2778,1380,151,1,22,0
2779,1500,41,0,20,1
2780,503,314,1,10,0
2781,1678,267,1,9,0
2782,178,215,1,6,0
2783,760,119,1,33,1
2784,1886,398,1,22,1
2785,1803,386,0,10,1
2786,1058,496,0,7,1
2787,1220,159,1,44,1
2788,1561,134,0,7,0
2789,668,78,1,11,1
2790,1842,95,1,48,0
2791,1765,365,1,24,0
2792,1437,2,0,13,1
2793,1366,356,0,15,1
2794,1483,116,0,8,1
2795,214,254,0,12,1
2796,551,200,0,36,0
2797,592,483,0,40,1
2798,96,167,0,13,1
2799,692,181,1,27,1
2800,1209,312,0,30,1
2801,339,146,0,34,1
2802,1742,379,1,43,1
2803,985,490,0,10,0
2804,1619,370,1,18,1
2805,623,40,1,30,0
2806,986,388,1,14,0
2807,647,496,1,32,1
2808,1867,78,1,47,1
2809,1026,121,1,5,0
2810,681,66,0,48,1
2811,1256,199,1,24,1
2812,1890,78,0,27,1
2813,1874,412,1,10,0
2814,863,339,0,26,1
2815,108,344,1,47,0
2816,732,89,0,18,0
2817,792,244,0,17,1
2818,261,418,1,30,1
2819,880,479,0,6,0
2820,1545,149,0,41,1
2821,1763,13,0,8,0
2822,1677,387,0,48,1
2823,1258,423,1,46,1
2824,1002,416,0,20,1
2825,1021,338,0,23,1
2826,1920,466,1,14,1
2827,1124,15,0,34,0
2828,354,325,1,15,0
2829,64,191,0,35,0
2830,1202,3,0,37,0
2831,1456,4,0,40,1
2832,663,485,1,33,0
2833,709,412,1,15,0
2834,1070,192,0,38,0
2835,983,109,1,7,1
2836,830,409,1,33,1
2837,1062,199,1,48,1
2838,1676,198,1,8,0
2839,1175,186,0,1,0
2840,1253,161,1,8,1
2841,1998,5,0,23,1
2842,1178,11,1,35,0
2843,721,235,1,3,1
2844,1240,43,0,4,0
2845,595,330,0,15,1
2846,1331,63,1,4,1
2847,931,444,0,13,0
2848,852,369,1,26,0
2849,421,165,0,22,1
2850,1282,279,0,35,0
2851,1449,371,0,12,0
2852,960,182,1,28,0
2853,234,132,1,43,1
2854,1837,97,0,42,0
2855,221,236,1,43,0
2856,1839,442,0,43,1
2857,250,293,0,37,1
2858,549,8,1,14,0
2859,591,265,0,17,1
2860,1731,435,1,11,1
2861,1901,52,0,23,1
2862,1355,15,0,17,1
2863,114,355,0,8,1
2864,1114,137,1,15,1
2865,1222,401,1,48,1
2866,1485,246,0,37,0
2867,1742,308,0,10,0
2868,1918,316,1,21,1
2869,891,145,1,20,1
2870,501,165,0,29,1
2871,101,103,0,31,1
2872,1437,81,1,11,0
2873,1933,500,1,21,1
2874,1505,214,1,17,1
2875,1353,252,1,12,1
2876,1320,244,0,41,0
2877,475,10,0,15,0
2878,1419,265,0,2,0
2879,1512,313,1,11,0
2880,759,350,0,12,0
2881,1210,10,0,31,1
2882,954,238,0,1,1
2883,1907,51,0,33,1
2884,23,76,0,3,0
2885,1948,414,0,44,1
2886,752,360,1,43,1
2887,404,3,1,29,1
2888,1931,355,0,29,1
2889,977,28,1,15,0
2890,823,128,0,43,0
2891,1570,112,0,14,1
2892,504,373,1,18,1
2893,241,108,0,4,1
2894,185,173,0,15,1
2895,236,89,0,42,0
2896,1297,366,1,1,0
2897,639,41,0,4,1
2898,1404,209,0,2,1
2899,1004,81,1,47,1
2900,1261,460,0,12,1
2901,938,370,0,45,0
2902,1656,363,0,21,0
2903,529,392,0,16,1
2904,1606,25,0,36,0
2905,1451,267,0,38,1
2906,826,201,0,19,0
2907,727,393,0,8,1
2908,118,356,0,48,1
2909,463,461,0,9,0
2910,9,210,1,31,0
2911,62,244,1,31,0
2912,75,308,1,40,0
2913,90,66,0,6,0
2914,333,274,0,25,0
2915,795,64,1,45,0
2916,1603,497,0,38,1
2917,534,291,1,48,0
2918,1432,226,0,23,0
2919,1893,404,0,20,0
2920,1443,308,1,3,0
2921,1899,233,0,20,0
2922,970,23,0,28,0
2923,1334,135,1,47,0
2924,621,320,1,10,0
2925,1344,418,0,26,1
2926,1455,50,0,41,0
2927,1177,343,1,13,0
2928,1064,251,0,16,1
2929,1143,188,1,42,1
2930,475,103,1,30,1
2931,524,222,0,9,0
2932,1838,59,1,21,1
2933,228,465,0,43,0
2934,590,382,0,20,0
2935,413,384,1,8,0
2936,349,13,0,9,1
2937,1170,128,0,26,1
2938,328,405,0,22,0
2939,555,12,0,39,0
2940,1765,319,1,46,1
2941,915,84,1,32,1
2942,1641,226,1,12,0
2943,1079,178,0,33,0
2944,242,142,0,16,0
2945,1651,409,0,38,1
2946,385,365,0,13,0
2947,1488,160,0,25,1
2948,182,114,1,10,1
2949,717,104,1,10,1
2950,568,228,1,11,1
2951,599,113,1,45,1
2952,1366,93,1,2,1
2953,906,339,1,3,0
2954,905,294,1,11,1
2955,588,268,0,33,0
2956,1910,196,0,45,1
2957,419,271,1,11,0
2958,1242,336,1,34,0
2959,1687,107,1,39,0
2960,1926,397,1,41,0
2961,15,130,1,27,1
2962,1551,149,1,10,1
2963,1743,278,1,22,1
2964,737,299,0,39,1
2965,964,25,0,36,0
2966,1412,50,1,30,1
2967,1477,53,1,34,1
2968,1257,384,1,47,1
2969,894,207,0,34,0
2970,579,156,1,16,1
2971,1730,407,1,46,1
2972,974,302,0,20,1
2973,1732,194,0,13,1
2974,1666,180,0,48,0
2975,1962,348,0,21,0
2976,1134,213,0,32,1
2977,663,50,1,41,1
2978,513,317,1,12,1
2979,1204,19,1,26,0
2980,1087,349,0,39,1
2981,1645,320,0,48,1
2982,827,93,1,33,1
2983,1261,180,1,47,1
2984,1022,38,1,27,1
2985,248,334,1,46,0
2986,1580,414,1,37,0
2987,1850,250,1,23,0
2988,725,16,1,43,1
2989,1221,162,0,48,0
2990,1211,52,1,35,1
2991,622,197,1,25,0
2992,765,210,1,22,0
2993,561,212,0,19,0
2994,355,238,1,39,0
2995,1938,303,1,15,1
2996,393,469,0,45,0
2997,1188,112,0,41,1
2998,669,43,0,8,1
2999,757,469,0,14,0
3000,1417,65,0,39,1
3001,533,429,1,23,1
3002,1906,176,0,6,0
3003,879,487,1,23,0
3004,1126,162,1,28,0
3005,1816,218,0,34,0
3006,1409,479,0,26,0
3007,545,234,1,30,0
3008,1266,498,1,28,1
3009,1798,275,0,15,0
3010,64,453,0,7,1
3011,9,213,0,9,0
3012,453,422,0,37,1
3013,1893,418,0,36,0
3014,677,48,1,18,0
3015,1702,59,0,36,1
3016,1674,341,0,35,0
3017,136,234,0,18,1
3018,1638,263,1,40,0
3019,1096,306,1,12,0
3020,1482,219,0,29,0
3021,1925,180,0,35,0
3022,1095,368,0,7,0
3023,561,387,1,18,1
3024,511,88,0,26,0
3025,164,439,0,31,1
3026,472,319,0,40,1
3027,5,91,0,2,1
3028,1503,496,1,21,0
3029,1447,369,0,20,0
3030,341,172,1,25,1
3031,567,36,1,47,1
3032,422,494,0,4,1
3033,1063,498,1,22,0
3034,1603,409,0,10,1
3035,1650,159,1,37,0
3036,665,120,0,26,1
3037,1766,314,0,46,1
3038,1048,480,1,39,1
3039,255,245,1,4,0
3040,1166,433,1,39,0
3041,1525,479,0,13,0
3042,936,444,0,23,0
3043,801,319,1,11,0
3044,572,462,1,35,1
3045,296,23,1,44,1
3046,930,457,0,19,1
3047,1650,374,0,1,0
3048,768,65,0,35,1
3049,962,262,1,13,0
3050,870,131,0,12,0
3051,1849,159,1,44,1
3052,1571,132,1,48,1
3053,331,278,1,23,1
3054,937,385,1,9,0
3055,1195,147,1,34,0
3056,1290,7,0,33,1
3057,1266,354,0,29,1
3058,293,467,0,43,1
3059,1853,496,1,9,1
3060,1368,150,0,40,0
3061,831,128,0,6,0
3062,1865,88,0,31,1
3063,1267,378,1,35,1
3064,933,287,0,44,1
3065,1178,47,0,4,0
3066,770,330,1,24,1
3067,1353,46,1,48,1
3068,66,439,1,9,1
3069,353,306,1,15,0
3070,1702,483,1,36,0
3071,1323,386,1,5,0
3072,1508,329,0,12,1
3073,1179,369,0,37,1
3074,755,212,1,39,0
3075,307,313,0,11,0
3076,1067,298,0,39,0
3077,1259,66,1,9,0
3078,664,275,0,12,1
3079,464,152,1,26,0
3080,923,442,0,33,0
3081,1986,244,1,43,0
3082,1990,100,1,14,1
3083,1390,460,0,34,1
3084,171,103,0,24,1
3085,721,53,1,22,1
3086,529,13,1,37,1
3087,140,224,0,19,1
3088,1170,150,0,15,0
3089,172,367,0,20,0
3090,1416,355,0,31,1
3091,1682,213,0,27,1
3092,1263,230,1,35,0
3093,1747,419,0,32,1
3094,833,486,1,12,1
3095,1105,126,1,17,0
3096,1235,272,1,36,1
3097,1104,369,1,35,0
3098,751,163,0,20,0
3099,1335,344,0,41,0
3100,1643,66,0,16,1
3101,1912,350,0,43,1
3102,1344,473,1,6,0
3103,1033,318,0,28,1
3104,1876,39,0,26,0
3105,397,249,1,30,1
3106,1266,471,0,24,1
3107,792,176,0,22,1
3108,892,497,1,19,1
3109,1411,175,0,26,1
3110,928,78,1,14,1
3111,604,39,0,47,1
3112,335,91,1,34,0
3113,279,361,1,17,1
3114,467,248,1,7,0
3115,340,341,0,48,1
3116,584,495,0,24,0
3117,232,120,1,18,1
3118,1751,47,1,3,0
3119,1356,54,1,36,1
3120,1918,34,1,24,0
3121,541,19,0,12,1
3122,1700,127,0,3,1
3123,1806,360,0,11,0
3124,6,209,0,20,1
3125,1858,404,0,28,1
3126,1073,303,1,13,1
3127,1596,203,0,27,1
3128,1167,96,0,26,0
3129,1904,136,0,32,1
3130,169,29,1,4,1
3131,1831,101,0,38,0
3132,1359,100,0,4,1
3133,429,411,1,38,1
3134,1374,303,0,3,0
3135,716,51,1,35,1
3136,1402,4,1,35,0
3137,1561,495,0,27,1
3138,131,3,1,44,1
3139,408,440,1,33,1
3140,344,341,0,3,1
3141,1614,291,0,19,1
3142,856,255,0,27,1
3143,1909,240,0,39,0
3144,1740,281,1,46,0
3145,1897,255,1,4,0
3146,711,256,1,38,1
3147,1611,84,1,45,1
3148,1037,39,1,24,0
3149,382,86,1,37,0
3150,937,336,1,2,0
3151,1866,41,1,32,0
3152,1919,86,1,6,1
3153,1794,262,1,36,1
3154,1778,265,0,36,1
3155,1740,33,0,28,1
3156,1671,279,1,31,0
3157,594,352,0,42,0
3158,908,378,1,7,1
3159,1358,221,1,32,1
3160,859,108,0,26,1
3161,1125,216,0,47,0
3162,1497,461,1,27,1
3163,1795,251,0,18,0
3164,504,308,0,39,0
3165,1439,53,1,45,1
3166,852,89,1,32,0
3167,866,349,1,6,1
3168,370,148,1,31,0
3169,63,340,0,47,1
3170,1431,420,0,28,1
3171,19,228,1,1,1
3172,1684,198,1,35,1
3173,832,248,0,38,0
3174,653,218,0,25,1
3175,1296,87,0,19,0
3176,63,186,1,37,1
3177,1397,457,0,1,1
3178,1601,131,0,23,0
3179,374,160,1,27,0
3180,1982,80,0,48,1
3181,465,21,0,47,0
3182,687,280,0,20,1
3183,648,396,0,46,0
3184,545,494,0,22,1
3185,1824,299,0,35,0
3186,866,196,1,16,1
3187,1720,431,0,34,1
3188,1644,231,0,2,1
3189,723,253,0,29,0
3190,1926,221,0,46,0
3191,410,375,1,22,0
3192,1745,160,1,6,1
3193,223,365,1,9,0
3194,530,96,0,3,0
3195,1114,417,1,36,0
3196,1181,106,0,38,1
3197,1368,482,1,26,0
3198,1805,8,1,11,1
3199,1239,271,1,22,0
3200,642,431,1,47,0
3201,210,262,0,21,0
3202,1800,261,1,18,1
3203,1616,160,0,40,0
3204,1551,182,1,24,1
3205,1527,81,0,1,0
3206,968,111,0,25,1
3207,777,28,0,30,1
3208,348,486,0,32,0
3209,1596,476,0,33,1
3210,799,151,1,13,0
3211,1141,386,0,2,1
3212,753,73,1,44,0
3213,901,284,0,6,0
3214,962,106,0,7,0
3215,542,59,0,27,0
3216,847,204,1,46,1
3217,1780,152,1,41,1
3218,290,488,1,4,0
3219,1869,18,1,19,0
3220,447,176,0,45,1
3221,711,318,1,13,0
3222,905,451,1,29,0
3223,1464,316,0,39,1
3224,591,210,0,29,1
3225,829,238,1,16,1
3226,658,249,1,19,0
3227,1168,66,1,17,1
3228,226,445,0,28,0
3229,1127,203,0,26,0
3230,697,233,0,28,1
3231,27,359,0,25,0
3232,1160,113,0,6,0
3233,621,356,1,38,0
3234,759,450,1,40,1
3235,1213,57,1,22,0
3236,21,395,0,19,0
3237,1223,230,1,12,1
3238,1511,225,1,47,0
3239,1332,32,0,7,1
3240,1458,91,1,27,0
3241,1686,477,1,17,0
3242,1356,214,0,14,1
3243,1406,459,0,2,0
3244,1791,270,0,37,0
3245,1802,211,0,15,1
3246,1938,436,1,17,0
3247,1540,387,1,37,0
3248,978,88,0,21,0
3249,641,84,1,39,1
3250,1866,49,0,39,0
3251,1327,91,0,48,1
3252,1610,360,1,14,1
3253,782,180,1,7,1
3254,728,311,0,27,1
3255,1978,103,0,17,0
3256,1811,293,0,2,1
3257,1855,407,0,24,0
3258,735,499,1,27,1
3259,1141,120,0,2,0
3260,437,317,1,26,1
3261,666,346,0,27,0
3262,125,443,0,11,0
3263,1099,196,0,45,1
3264,604,318,1,26,0
3265,130,100,1,26,0
3266,1432,180,0,9,1
3267,54,139,1,32,1
3268,1539,149,0,40,0
3269,860,73,1,37,0
3270,603,4,1,25,0
3271,695,209,1,38,1
3272,1193,201,1,21,1
3273,495,432,0,37,0
3274,1936,467,0,36,1
3275,187,489,0,25,1
3276,952,73,1,3,0
3277,1457,381,0,21,0
3278,1222,128,1,11,1
3279,43,253,0,48,0
3280,1933,428,1,43,1
3281,421,332,0,12,0
3282,1901,471,1,12,0
3283,1770,335,0,48,1
3284,407,178,0,48,0
3285,106,150,0,38,1
3286,920,58,1,39,0
3287,338,157,0,10,1
3288,1754,319,0,48,1
3289,1800,40,1,28,0
3290,1463,329,0,44,1
3291,353,84,0,30,1
3292,1591,94,0,1,1
3293,134,377,0,19,1
3294,700,422,0,4,0
3295,1434,328,0,27,0
3296,693,317,0,48,0
3297,685,113,0,39,1
3298,718,186,1,35,1
3299,95,433,0,44,0
3300,889,407,1,20,1
3301,1655,48,0,36,1
3302,545,216,0,3,0
3303,1934,387,0,40,1
3304,1209,391,0,38,0
3305,634,453,1,35,0
3306,1288,4,1,6,1
3307,1990,490,0,18,0
3308,1201,169,0,7,0
3309,1381,134,1,5,0
3310,509,328,1,3,1
3311,65,178,1,9,1
3312,1793,120,0,2,0
3313,290,113,1,42,1
3314,814,484,0,3,1
3315,1570,192,0,43,1
3316,1116,299,0,8,0
3317,1408,441,0,32,0
3318,1625,102,0,19,0
3319,535,51,0,26,0
3320,113,465,0,44,1
3321,331,458,1,8,1
3322,633,472,0,7,1
3323,1019,156,0,10,0
3324,701,156,1,6,0
3325,464,167,1,44,1
3326,111,118,0,28,1
3327,1471,75,0,27,1
3328,1789,344,0,46,0
3329,933,204,0,12,1
3330,399,285,0,26,0
3331,794,140,1,9,1
3332,444,51,0,8,1
3333,1633,337,0,11,0
3334,1508,297,1,6,1
3335,178,429,0,41,0
3336,1336,435,0,5,0
3337,903,365,0,39,1
3338,923,46,1,23,0
3339,846,124,1,6,0
3340,1001,64,0,29,0
3341,1139,17,0,20,0
3342,845,312,0,37,0
3343,1737,441,1,48,0
3344,1781,287,1,14,1
3345,1156,357,0,42,0
3346,211,271,1,40,1
3347,580,497,0,42,1
3348,1592,206,0,3,0
3349,848,124,0,2,1
3350,997,445,0,28,0
3351,564,2,0,3,1
3352,1497,373,1,30,0
3353,1801,383,1,20,0
3354,502,289,1,13,0
3355,336,249,0,25,1
3356,687,89,1,25,0
3357,1574,436,1,19,0
3358,366,466,1,40,1
3359,1915,91,0,38,1
3360,1295,341,0,14,0
3361,1772,329,1,20,1
3362,1841,78,0,1,1
3363,415,80,0,14,1
3364,192,207,1,44,1
3365,67,171,0,15,0
3366,415,464,0,8,0
3367,188,340,1,40,0
3368,80,386,1,20,1
3369,360,305,0,45,1
3370,1193,311,1,35,1
3371,448,150,1,45,0
3372,1509,26,0,28,0
3373,1302,11,1,31,1
3374,370,335,0,44,0
3375,356,284,0,28,0
3376,824,249,0,11,0
3377,54,174,0,29,1
3378,1331,276,0,12,1
3379,760,167,1,12,1
3380,1410,64,0,19,1
3381,1404,300,0,2,1
3382,1058,57,0,8,0
3383,60,165,1,32,0
3384,1976,144,0,36,0
3385,1344,75,1,34,0
3386,1676,353,0,35,1
3387,298,248,0,35,0
3388,1965,305,1,24,0
3389,1383,210,1,44,1
3390,169,42,0,18,0
3391,626,153,0,24,0
3392,120,285,1,32,0
3393,89,147,1,5,0
3394,1685,85,0,45,0
3395,1469,219,1,28,0
3396,430,137,1,28,0
3397,637,289,0,5,0
3398,1070,401,0,9,1
3399,367,105,1,25,1
3400,801,403,1,40,0
3401,1961,173,1,31,0
3402,1176,230,0,27,0
3403,533,210,1,31,1
3404,778,346,0,44,1
3405,1600,47,0,48,0
3406,1904,163,0,27,1
3407,448,188,1,13,1
3408,384,165,1,19,0
3409,1884,270,1,14,0
3410,1550,186,1,6,0
3411,1672,178,1,12,1
3412,999,298,0,11,0
3413,1931,419,1,2,1
3414,1655,25,1,21,0
3415,764,75,1,12,1
3416,325,423,0,25,0
3417,1339,322,0,42,1
3418,962,396,1,47,1
3419,1133,461,1,30,1
3420,1395,487,0,29,0
3421,477,370,0,21,0
3422,1711,43,1,31,0
3423,900,99,0,36,0
3424,1852,230,0,32,1
3425,130,201,0,33,1
3426,1407,233,1,8,1
3427,1130,117,0,46,1
3428,152,131,0,30,0
3429,205,403,0,30,0
3430,884,45,1,48,1
3431,16,200,1,6,1
3432,1136,142,0,36,1
3433,676,490,0,47,0
3434,1930,464,0,40,0
3435,1109,281,1,37,1
3436,1398,299,0,31,1
3437,638,463,1,39,0
3438,533,122,1,29,1
3439,1809,182,1,24,1
3440,173,85,1,29,1
3441,1146,61,1,26,0
3442,1510,288,1,3,0
3443,1912,491,0,17,1
3444,1265,102,1,43,0
3445,1424,248,1,30,0
3446,1114,327,0,14,0
3447,1443,195,1,36,1
3448,1052,153,1,15,1
3449,792,405,1,33,0
3450,1469,499,1,1,0
3451,1879,461,0,5,1
3452,161,199,1,29,0
3453,744,134,1,31,1
3454,1596,73,0,32,0
3455,118,66,0,40,0
3456,71,288,1,9,1
3457,1630,168,0,3,1
3458,870,278,0,10,1
3459,1078,326,0,18,0
3460,68,183,0,29,1
3461,151,473,0,37,0
3462,721,306,1,33,1
3463,471,450,1,11,0
3464,365,251,1,11,0
3465,310,12,0,40,1
3466,1403,337,0,37,1
3467,984,261,0,44,0
3468,993,438,1,10,0
3469,867,490,1,36,0
3470,587,385,1,32,0
3471,1814,89,0,39,0
3472,1996,432,0,41,1
3473,1,454,0,32,1
3474,593,427,1,34,1
3475,1943,135,0,1,0
3476,1113,185,0,43,1
3477,540,324,0,34,0
3478,1100,264,1,36,0
3479,1614,442,1,42,1
3480,424,171,0,1,1
3481,682,50,0,46,1
3482,1317,30,1,32,0
3483,1306,159,0,15,1
3484,379,162,0,39,1
3485,1354,441,1,35,0
3486,708,179,1,7,1
3487,1938,369,1,2,0
3488,633,380,1,37,1
3489,78,483,0,12,1
3490,230,164,0,39,0
3491,804,16,1,42,1
3492,1469,36,0,44,1
3493,344,239,0,40,0
3494,229,357,1,43,1
3495,99,7,0,4,0
3496,906,119,0,43,0
3497,605,130,0,16,1
3498,154,428,0,34,0
3499,270,422,1,7,1
3500,536,93,1,13,0
